0.00,0.00,0.00,0.00   
0.00,0.00,0.00,0.00   
0.00,0.00,0.00,0.00   
0.00,0.00,0.00,0.00   
0.01,0.00,0.00,0.00   
0.01,0.00,0.00,0.00   
0.01,0.00,0.00,0.00   
0.01,0.00,0.00,0.00   
0.01,0.00,0.00,0.00   
0.01,0.00,0.00,0.00   
0.01,0.00,0.00,0.00   
0.01,0.00,0.00,0.00   
0.02,0.00,0.01,0.00   
0.02,0.00,0.01,0.00   
0.02,0.00,0.01,0.00   
0.02,0.01,0.01,0.00   
0.02,0.01,0.01,0.00   
0.02,0.01,0.01,0.00   
0.02,0.01,0.01,0.00   
0.02,0.01,0.01,0.00   
0.03,0.01,0.02,0.00   
0.03,0.01,0.02,0.00   
0.03,0.01,0.02,0.00   
0.03,0.02,0.02,0.00   
0.03,0.02,0.02,0.00   
0.03,0.02,0.02,0.00   
0.03,0.02,0.02,0.00   
0.03,0.02,0.02,0.00   
0.04,0.02,0.03,0.00   
0.04,0.02,0.03,0.00   
0.04,0.03,0.03,0.00   
0.04,0.03,0.03,0.00   
0.04,0.03,0.03,0.00   
0.04,0.03,0.03,0.00   
0.04,0.03,0.03,0.00   
0.04,0.03,0.03,0.00   
0.05,0.03,0.04,0.00   
0.05,0.03,0.04,0.00   
0.05,0.03,0.04,0.00   
0.05,0.04,0.04,0.00   
0.05,0.04,0.04,0.00   
0.05,0.04,0.04,0.00   
0.05,0.04,0.04,0.00   
0.05,0.04,0.04,0.00   
0.05,0.04,0.05,0.00   
0.06,0.04,0.05,0.00   
0.06,0.04,0.05,0.00   
0.06,0.05,0.05,0.00   
0.06,0.05,0.05,0.00   
0.06,0.05,0.05,0.00   
0.06,0.05,0.05,0.00   
0.06,0.05,0.05,0.00   
0.06,0.05,0.06,0.00   
0.07,0.05,0.06,0.00   
0.07,0.06,0.06,0.00   
0.07,0.06,0.06,0.00   
0.07,0.06,0.06,0.00   
0.07,0.06,0.06,0.00   
0.07,0.06,0.06,0.00   
0.07,0.06,0.07,0.00   
0.07,0.06,0.07,0.00   
0.08,0.06,0.07,0.00   
0.08,0.06,0.07,0.00   
0.08,0.07,0.07,0.00   
0.08,0.07,0.07,0.00   
0.08,0.07,0.07,0.00   
0.08,0.07,0.07,0.00   
0.08,0.07,0.07,0.00   
0.08,0.07,0.08,0.00   
0.09,0.07,0.08,0.00   
0.09,0.07,0.08,0.00   
0.09,0.08,0.08,0.00   
0.09,0.08,0.08,0.00   
0.09,0.08,0.08,0.00   
0.09,0.08,0.08,0.00   
0.09,0.08,0.08,0.00   
0.09,0.08,0.08,0.00   
0.10,0.08,0.09,0.00   
0.10,0.08,0.09,0.00   
0.10,0.08,0.09,0.00   
0.10,0.09,0.09,0.00   
0.10,0.09,0.09,0.00   
0.10,0.09,0.09,0.00   
0.10,0.09,0.09,0.00   
0.10,0.09,0.09,0.00   
0.11,0.09,0.10,0.00   
0.11,0.09,0.10,0.00   
0.11,0.09,0.10,0.00   
0.11,0.09,0.10,0.00   
0.11,0.10,0.10,0.00   
0.11,0.10,0.10,0.00   
0.11,0.10,0.10,0.00   
0.11,0.10,0.10,0.00   
0.11,0.10,0.10,0.00   
0.12,0.10,0.11,0.00   
0.12,0.10,0.11,0.00   
0.12,0.10,0.11,0.00   
0.12,0.11,0.11,0.00   
0.12,0.11,0.11,0.00   
0.12,0.11,0.11,0.00   
0.12,0.11,0.11,0.00   
0.12,0.11,0.11,0.00   
0.13,0.11,0.12,0.00   
0.13,0.11,0.12,0.00   
0.13,0.11,0.12,0.00   
0.13,0.12,0.12,0.00   
0.13,0.12,0.12,0.00   
0.13,0.12,0.12,0.00   
0.13,0.12,0.12,0.00   
0.13,0.12,0.12,0.00   
0.14,0.12,0.12,0.00   
0.14,0.12,0.12,0.00   
0.14,0.12,0.13,0.00   
0.14,0.12,0.13,0.00   
0.14,0.13,0.13,0.00   
0.14,0.13,0.13,0.00   
0.14,0.13,0.13,0.00   
0.14,0.13,0.13,0.00   
0.15,0.13,0.13,0.00   
0.15,0.13,0.14,0.00   
0.15,0.13,0.14,0.00   
0.15,0.13,0.13,0.00   
0.15,0.13,0.14,0.00   
0.15,0.14,0.14,0.00   
0.15,0.14,0.14,0.00   
0.15,0.14,0.14,0.00   
0.16,0.14,0.14,0.00   
0.16,0.14,0.14,0.00   
0.16,0.14,0.14,0.00   
0.16,0.14,0.15,0.00   
0.16,0.15,0.15,0.00   
0.16,0.15,0.14,0.02   
0.16,0.15,0.15,0.00   
0.16,0.15,0.15,0.00   
0.16,0.15,0.15,0.00   
0.17,0.15,0.15,0.00   
0.17,0.15,0.16,0.00   
0.17,0.15,0.16,0.00   
0.17,0.16,0.16,0.00   
0.17,0.16,0.16,0.00   
0.17,0.16,0.16,0.00   
0.17,0.16,0.16,0.00   
0.17,0.16,0.16,0.00   
0.18,0.16,0.17,0.00   
0.18,0.16,0.17,0.00   
0.18,0.17,0.17,0.00   
0.18,0.17,0.17,0.00   
0.18,0.17,0.17,0.00   
0.18,0.17,0.17,0.00   
0.18,0.17,0.17,0.00   
0.18,0.17,0.17,0.00   
0.19,0.17,0.18,0.00   
0.19,0.17,0.18,0.00   
0.19,0.18,0.18,0.00   
0.19,0.18,0.18,0.00   
0.19,0.18,0.18,0.00   
0.19,0.18,0.18,0.00   
0.19,0.18,0.19,0.00   
0.19,0.18,0.19,0.00   
0.20,0.18,0.19,0.00   
0.20,0.18,0.19,0.00   
0.20,0.19,0.19,0.00   
0.20,0.19,0.19,0.00   
0.20,0.19,0.19,0.00   
0.20,0.19,0.19,0.00   
0.20,0.19,0.19,0.00   
0.20,0.19,0.20,0.00   
0.21,0.19,0.20,0.00   
0.21,0.20,0.20,0.00   
0.21,0.20,0.20,0.00   
0.21,0.20,0.20,0.00   
0.21,0.20,0.20,0.00   
0.21,0.20,0.20,0.00   
0.21,0.20,0.20,0.00   
0.21,0.20,0.21,0.00   
0.21,0.21,0.21,0.00   
0.22,0.21,0.21,0.00   
0.22,0.21,0.21,0.00   
0.22,0.21,0.21,0.00   
0.22,0.21,0.21,0.00   
0.22,0.21,0.21,0.00   
0.22,0.21,0.22,0.00   
0.22,0.21,0.22,0.00   
0.22,0.22,0.22,0.00   
0.23,0.22,0.22,0.00   
0.23,0.22,0.22,0.00   
0.23,0.22,0.22,0.00   
0.23,0.22,0.22,0.00   
0.23,0.22,0.22,0.00   
0.23,0.22,0.22,0.00   
0.23,0.22,0.22,0.00   
0.23,0.22,0.22,0.00   
0.24,0.22,0.23,0.00   
0.24,0.22,0.23,0.00   
0.24,0.23,0.23,0.00   
0.24,0.22,0.23,0.00   
0.24,0.23,0.23,0.00   
0.24,0.23,0.23,0.00   
0.24,0.23,0.23,0.00   
0.24,0.23,0.23,0.00   
0.25,0.23,0.24,0.00   
0.25,0.23,0.24,0.00   
0.25,0.23,0.24,0.00   
0.25,0.23,0.24,0.00   
0.25,0.24,0.24,0.00   
0.25,0.24,0.24,0.00   
0.25,0.24,0.24,0.00   
0.25,0.24,0.24,0.00   
0.26,0.24,0.24,0.00   
0.26,0.24,0.25,0.00   
0.26,0.24,0.25,0.00   
0.26,0.24,0.25,0.00   
0.26,0.25,0.25,0.00   
0.26,0.25,0.25,0.00   
0.26,0.25,0.25,0.00   
0.26,0.25,0.25,0.00   
0.26,0.25,0.25,0.00   
0.27,0.25,0.26,0.00   
0.27,0.25,0.26,0.00   
0.27,0.25,0.25,0.00   
0.27,0.26,0.26,0.00   
0.27,0.26,0.26,0.00   
0.27,0.26,0.26,0.00   
0.27,0.26,0.26,0.00   
0.27,0.26,0.26,0.00   
0.28,0.26,0.27,0.00   
0.28,0.26,0.26,0.00   
0.28,0.26,0.27,0.00   
0.28,0.27,0.27,0.00   
0.28,0.27,0.27,0.00   
0.28,0.27,0.27,0.00   
0.28,0.27,0.27,0.00   
0.28,0.27,0.27,0.00   
0.29,0.27,0.27,0.00   
0.29,0.27,0.27,0.00   
0.29,0.27,0.28,0.00   
0.29,0.27,0.28,0.00   
0.29,0.28,0.28,0.00   
0.29,0.28,0.28,0.00   
0.29,0.28,0.28,0.00   
0.29,0.28,0.29,0.00   
0.30,0.28,0.28,0.00   
0.30,0.28,0.28,0.00   
0.30,0.28,0.29,0.00   
0.30,0.28,0.29,0.00   
0.30,0.29,0.29,0.00   
0.30,0.29,0.29,0.00   
0.30,0.29,0.29,0.00   
0.30,0.29,0.29,0.00   
0.31,0.29,0.29,0.00   
0.31,0.29,0.29,0.00   
0.31,0.29,0.30,0.00   
0.31,0.29,0.30,0.00   
0.31,0.30,0.30,0.00   
0.31,0.30,0.30,0.00   
0.31,0.30,0.30,0.00   
0.31,0.30,0.30,0.00   
0.32,0.30,0.30,0.00   
0.32,0.30,0.30,0.00   
0.32,0.30,0.30,0.00   
0.32,0.30,0.31,0.00   
0.32,0.31,0.31,0.00   
0.32,0.31,0.31,0.00   
0.32,0.31,0.31,0.00   
0.32,0.31,0.31,0.00   
0.32,0.31,0.31,0.00   
0.33,0.31,0.32,0.00   
0.33,0.31,0.32,0.00   
0.33,0.31,0.32,0.00   
0.33,0.31,0.32,0.00   
0.33,0.32,0.32,0.00   
0.33,0.32,0.32,0.00   
0.33,0.32,0.32,0.00   
0.33,0.32,0.32,0.00   
0.34,0.32,0.32,0.00   
0.34,0.32,0.33,0.00   
0.34,0.32,0.33,0.00   
0.34,0.33,0.33,0.00   
0.34,0.33,0.33,0.00   
0.34,0.33,0.33,0.00   
0.34,0.33,0.33,0.00   
0.34,0.33,0.33,0.00   
0.35,0.33,0.34,0.00   
0.35,0.34,0.34,0.00   
0.35,0.34,0.34,0.00   
0.35,0.34,0.34,0.00   
0.35,0.34,0.34,0.00   
0.35,0.34,0.34,0.00   
0.35,0.34,0.34,0.00   
0.35,0.34,0.34,0.00   
0.36,0.34,0.35,0.00   
0.36,0.35,0.35,0.00   
0.36,0.35,0.35,0.00   
0.36,0.35,0.35,0.00   
0.36,0.35,0.35,0.00   
0.36,0.35,0.35,0.00   
0.36,0.35,0.35,0.00   
0.36,0.35,0.36,0.00   
0.37,0.35,0.36,0.00   
0.37,0.35,0.36,0.00   
0.37,0.36,0.36,0.00   
0.37,0.36,0.36,0.00   
0.37,0.36,0.37,0.00   
0.37,0.36,0.36,0.00   
0.37,0.36,0.36,0.00   
0.37,0.36,0.37,0.00   
0.37,0.36,0.37,0.00   
0.38,0.37,0.37,0.00   
0.38,0.37,0.37,0.00   
0.38,0.37,0.37,0.00   
0.38,0.37,0.37,0.00   
0.38,0.37,0.37,0.00   
0.38,0.37,0.38,0.00   
0.38,0.37,0.38,0.00   
0.38,0.38,0.38,0.00   
0.39,0.38,0.38,0.00   
0.39,0.38,0.38,0.00   
0.39,0.38,0.38,0.00   
0.39,0.38,0.38,0.00   
0.39,0.38,0.38,0.00   
0.39,0.38,0.39,0.00   
0.39,0.38,0.39,0.00   
0.39,0.38,0.39,0.00   
0.40,0.39,0.39,0.00   
0.40,0.39,0.39,0.00   
0.40,0.39,0.39,0.00   
0.40,0.39,0.39,0.00   
0.40,0.39,0.39,0.00   
0.40,0.39,0.40,0.00   
0.40,0.39,0.40,0.00   
0.40,0.39,0.40,0.00   
0.41,0.40,0.40,0.00   
0.41,0.40,0.40,0.00   
0.41,0.40,0.40,0.00   
0.41,0.40,0.40,0.00   
0.41,0.40,0.40,0.00   
0.41,0.40,0.41,0.00   
0.41,0.40,0.41,0.00   
0.41,0.40,0.41,0.00   
0.42,0.41,0.41,0.00   
0.42,0.41,0.41,0.00   
0.42,0.41,0.41,0.00   
0.42,0.41,0.41,0.00   
0.42,0.41,0.41,0.00   
0.42,0.41,0.41,0.00   
0.42,0.41,0.42,0.00   
0.42,0.41,0.42,0.00   
0.42,0.41,0.42,0.00   
0.43,0.42,0.42,0.00   
0.43,0.42,0.42,0.00   
0.43,0.42,0.42,0.00   
0.43,0.42,0.42,0.00   
0.43,0.42,0.42,0.00   
0.43,0.42,0.42,0.00   
0.43,0.42,0.43,0.00   
0.43,0.42,0.42,0.00   
0.44,0.43,0.43,0.00   
0.44,0.43,0.43,0.00   
0.44,0.43,0.43,0.00   
0.44,0.43,0.43,0.00   
0.44,0.43,0.43,0.00   
0.44,0.43,0.43,0.00   
0.44,0.43,0.43,0.00   
0.44,0.43,0.43,0.00   
0.45,0.43,0.43,0.00   
0.45,0.43,0.43,0.00   
0.45,0.43,0.43,0.00   
0.45,0.43,0.44,0.00   
0.45,0.43,0.44,0.00   
0.45,0.44,0.44,0.00   
0.45,0.44,0.44,0.00   
0.45,0.44,0.44,0.00   
0.46,0.44,0.44,0.00   
0.46,0.44,0.44,0.00   
0.46,0.44,0.44,0.00   
0.46,0.44,0.45,0.00   
0.46,0.44,0.45,0.00   
0.46,0.44,0.45,0.00   
0.46,0.45,0.45,0.00   
0.46,0.45,0.45,0.00   
0.47,0.45,0.45,0.00   
0.47,0.45,0.45,0.00   
0.47,0.45,0.45,0.00   
0.47,0.45,0.45,0.02   
0.47,0.45,0.46,0.00   
0.47,0.45,0.46,0.00   
0.47,0.46,0.46,0.00   
0.47,0.46,0.46,0.00   
0.47,0.46,0.46,0.00   
0.48,0.46,0.46,0.00   
0.48,0.46,0.46,0.00   
0.48,0.46,0.46,0.00   
0.48,0.47,0.47,0.00   
0.48,0.47,0.47,0.00   
0.48,0.47,0.47,0.00   
0.48,0.47,0.47,0.00   
0.48,0.47,0.47,0.00   
0.49,0.47,0.47,0.00   
0.49,0.47,0.47,0.00   
0.49,0.47,0.48,0.00   
0.49,0.47,0.48,0.00   
0.49,0.48,0.48,0.00   
0.49,0.48,0.48,0.00   
0.49,0.48,0.48,0.00   
0.49,0.48,0.48,0.00   
0.50,0.48,0.48,0.00   
0.50,0.48,0.49,0.00   
0.50,0.48,0.49,0.00   
0.50,0.49,0.49,0.00   
0.50,0.49,0.49,0.00   
0.50,0.49,0.49,0.00   
0.50,0.49,0.49,0.00   
0.50,0.49,0.49,0.00   
0.51,0.49,0.49,0.00   
0.51,0.49,0.50,0.00   
0.51,0.49,0.50,0.00   
0.51,0.50,0.50,0.00   
0.51,0.50,0.50,0.00   
0.51,0.50,0.50,0.00   
0.51,0.50,0.50,0.00   
0.51,0.50,0.50,0.00   
0.52,0.50,0.51,0.00   
0.52,0.50,0.51,0.00   
0.52,0.51,0.51,0.00   
0.52,0.51,0.51,0.00   
0.52,0.51,0.51,0.00   
0.52,0.51,0.51,0.00   
0.52,0.51,0.51,0.00   
0.52,0.51,0.51,0.00   
0.53,0.51,0.52,0.00   
0.53,0.51,0.52,0.00   
0.53,0.52,0.52,0.00   
0.53,0.52,0.52,0.00   
0.53,0.52,0.52,0.00   
0.53,0.52,0.52,0.00   
0.53,0.52,0.52,0.00   
0.53,0.52,0.53,0.00   
0.53,0.52,0.53,0.00   
0.54,0.53,0.53,0.00   
0.54,0.53,0.53,0.00   
0.54,0.53,0.53,0.00   
0.54,0.53,0.53,0.00   
0.54,0.53,0.53,0.00   
0.54,0.53,0.53,0.00   
0.54,0.53,0.54,0.00   
0.54,0.54,0.54,0.00   
0.55,0.54,0.54,0.00   
0.55,0.54,0.54,0.00   
0.55,0.54,0.54,0.00   
0.55,0.54,0.54,0.00   
0.55,0.54,0.54,0.00   
0.55,0.54,0.55,0.00   
0.55,0.55,0.55,0.00   
0.55,0.55,0.55,0.00   
0.56,0.55,0.55,0.00   
0.56,0.55,0.55,0.00   
0.56,0.55,0.55,0.00   
0.56,0.55,0.55,0.00   
0.56,0.55,0.55,0.00   
0.56,0.55,0.55,0.00   
0.56,0.55,0.56,0.00   
0.56,0.55,0.56,0.00   
0.57,0.56,0.56,0.00   
0.57,0.56,0.56,0.00   
0.57,0.56,0.56,0.00   
0.57,0.56,0.56,0.00   
0.57,0.56,0.56,0.00   
0.57,0.56,0.57,0.00   
0.57,0.56,0.57,0.00   
0.57,0.56,0.57,0.00   
0.58,0.57,0.57,0.00   
0.58,0.57,0.57,0.00   
0.58,0.57,0.57,0.00   
0.58,0.57,0.57,0.00   
0.58,0.57,0.57,0.00   
0.58,0.57,0.57,0.00   
0.58,0.57,0.58,0.00   
0.58,0.57,0.58,0.00   
0.58,0.58,0.58,0.00   
0.59,0.58,0.58,0.00   
0.59,0.58,0.58,0.00   
0.59,0.58,0.58,0.00   
0.59,0.58,0.58,0.00   
0.59,0.58,0.58,0.00   
0.59,0.58,0.58,0.00   
0.59,0.58,0.58,0.00   
0.59,0.58,0.59,0.00   
0.60,0.59,0.59,0.00   
0.60,0.59,0.59,0.00   
0.60,0.59,0.59,0.00   
0.60,0.59,0.59,0.00   
0.60,0.59,0.59,0.00   
0.60,0.59,0.59,0.00   
0.60,0.59,0.60,0.00   
0.60,0.59,0.60,0.00   
0.61,0.60,0.60,0.00   
0.61,0.60,0.60,0.00   
0.61,0.60,0.60,0.00   
0.61,0.60,0.60,0.00   
0.61,0.60,0.60,0.00   
0.61,0.60,0.60,0.00   
0.61,0.60,0.61,0.00   
0.61,0.60,0.61,0.00   
0.62,0.61,0.61,0.00   
0.62,0.61,0.61,0.00   
0.62,0.61,0.61,0.00   
0.62,0.61,0.61,0.00   
0.62,0.61,0.61,0.00   
0.62,0.61,0.61,0.00   
0.62,0.61,0.62,0.00   
0.62,0.61,0.62,0.00   
0.63,0.61,0.62,0.00   
0.63,0.62,0.62,0.00   
0.63,0.62,0.62,0.00   
0.63,0.62,0.62,0.00   
0.63,0.62,0.62,0.00   
0.63,0.62,0.62,0.00   
0.63,0.62,0.62,0.00   
0.63,0.63,0.63,0.00   
0.63,0.63,0.63,0.00   
0.64,0.63,0.63,0.00   
0.64,0.63,0.63,0.00   
0.64,0.63,0.63,0.00   
0.64,0.63,0.63,0.00   
0.64,0.63,0.63,0.00   
0.64,0.63,0.64,0.00   
0.64,0.63,0.64,0.00   
0.64,0.64,0.64,0.00   
0.65,0.64,0.64,0.00   
0.65,0.64,0.64,0.00   
0.65,0.64,0.64,0.00   
0.65,0.64,0.64,0.00   
0.65,0.64,0.65,0.00   
0.65,0.64,0.65,0.00   
0.65,0.65,0.65,0.00   
0.65,0.65,0.65,0.00   
0.66,0.65,0.65,0.00   
0.66,0.65,0.65,0.00   
0.66,0.65,0.65,0.00   
0.66,0.65,0.65,0.00   
0.66,0.65,0.65,0.00   
0.66,0.65,0.65,0.00   
0.66,0.65,0.65,0.00   
0.66,0.65,0.65,0.00   
0.67,0.65,0.66,0.00   
0.67,0.65,0.66,0.00   
0.67,0.66,0.66,0.00   
0.67,0.66,0.66,0.00   
0.67,0.66,0.66,0.00   
0.67,0.66,0.66,0.00   
0.67,0.66,0.66,0.02   
0.67,0.66,0.67,0.00   
0.68,0.66,0.67,0.00   
0.68,0.67,0.67,0.00   
0.68,0.67,0.67,0.00   
0.68,0.67,0.67,0.00   
0.68,0.67,0.67,0.00   
0.68,0.67,0.67,0.00   
0.68,0.67,0.67,0.00   
0.68,0.67,0.68,0.00   
0.68,0.68,0.68,0.00   
0.69,0.68,0.68,0.00   
0.69,0.68,0.68,0.00   
0.69,0.68,0.68,0.00   
0.69,0.68,0.68,0.00   
0.69,0.68,0.68,0.00   
0.69,0.68,0.69,0.00   
0.69,0.68,0.69,0.00   
0.69,0.69,0.69,0.00   
0.70,0.69,0.69,0.00   
0.70,0.69,0.69,0.00   
0.70,0.69,0.69,0.00   
0.70,0.69,0.69,0.00   
0.70,0.69,0.70,0.00   
0.70,0.69,0.70,0.00   
0.70,0.70,0.70,0.00   
0.70,0.70,0.70,0.00   
0.71,0.70,0.70,0.00   
0.71,0.70,0.70,0.00   
0.71,0.70,0.70,0.00   
0.71,0.70,0.70,0.00   
0.71,0.70,0.70,0.00   
0.71,0.70,0.71,0.00   
0.71,0.70,0.71,0.00   
0.71,0.71,0.71,0.00   
0.72,0.71,0.71,0.00   
0.72,0.71,0.71,0.00   
0.72,0.71,0.71,0.00   
0.72,0.71,0.71,0.00   
0.72,0.71,0.71,0.00   
0.72,0.71,0.72,0.00   
0.72,0.71,0.72,0.00   
0.72,0.71,0.72,0.00   
0.73,0.72,0.72,0.00   
0.73,0.72,0.72,0.00   
0.73,0.72,0.72,0.00   
0.73,0.72,0.72,0.00   
0.73,0.72,0.72,0.00   
0.73,0.72,0.73,0.00   
0.73,0.72,0.73,0.00   
0.73,0.72,0.73,0.00   
0.74,0.73,0.73,0.00   
0.74,0.73,0.73,0.00   
0.74,0.73,0.73,0.00   
0.74,0.73,0.73,0.00   
0.74,0.73,0.73,0.00   
0.74,0.73,0.73,0.00   
0.74,0.73,0.74,0.00   
0.74,0.73,0.74,0.00   
0.74,0.73,0.74,0.00   
0.75,0.74,0.74,0.00   
0.75,0.74,0.74,0.00   
0.75,0.74,0.74,0.00   
0.75,0.74,0.74,0.00   
0.75,0.74,0.74,0.00   
0.75,0.74,0.75,0.00   
0.75,0.74,0.74,0.00   
0.75,0.74,0.75,0.00   
0.76,0.75,0.75,0.00   
0.76,0.75,0.75,0.00   
0.76,0.75,0.75,0.00   
0.76,0.75,0.75,0.00   
0.76,0.75,0.75,0.00   
0.76,0.75,0.75,0.00   
0.76,0.75,0.75,0.00   
0.76,0.75,0.76,0.00   
0.77,0.76,0.76,0.00   
0.77,0.76,0.76,0.00   
0.77,0.76,0.76,0.00   
0.77,0.76,0.76,0.00   
0.77,0.76,0.76,0.00   
0.77,0.76,0.76,0.00   
0.77,0.76,0.76,0.00   
0.77,0.76,0.76,0.00   
0.78,0.76,0.77,0.00   
0.78,0.76,0.77,0.00   
0.78,0.77,0.77,0.00   
0.78,0.77,0.77,0.00   
0.78,0.77,0.77,0.00   
0.78,0.77,0.77,0.00   
0.78,0.77,0.77,0.00   
0.78,0.77,0.77,0.00   
0.79,0.77,0.78,0.00   
0.79,0.78,0.78,0.00   
0.79,0.78,0.78,0.00   
0.79,0.78,0.78,0.00   
0.79,0.78,0.78,0.00   
0.79,0.78,0.78,0.00   
0.79,0.78,0.78,0.00   
0.79,0.78,0.78,0.00   
0.79,0.78,0.79,0.00   
0.80,0.79,0.79,0.00   
0.80,0.79,0.79,0.00   
0.80,0.79,0.79,0.00   
0.80,0.79,0.79,0.00   
0.80,0.79,0.79,0.00   
0.80,0.79,0.79,0.00   
0.80,0.79,0.80,0.00   
0.80,0.80,0.80,0.00   
0.81,0.80,0.80,0.00   
0.81,0.80,0.80,0.00   
0.81,0.80,0.80,0.00   
0.81,0.80,0.80,0.00   
0.81,0.80,0.80,0.00   
0.81,0.80,0.81,0.00   
0.81,0.80,0.81,0.00   
0.81,0.81,0.81,0.00   
0.82,0.81,0.81,0.00   
0.82,0.81,0.81,0.00   
0.82,0.81,0.81,0.00   
0.82,0.81,0.81,0.00   
0.82,0.81,0.81,0.00   
0.82,0.81,0.82,0.00   
0.82,0.82,0.82,0.00   
0.82,0.82,0.82,0.00   
0.83,0.82,0.82,0.00   
0.83,0.82,0.82,0.00   
0.83,0.82,0.82,0.00   
0.83,0.82,0.82,0.00   
0.83,0.82,0.82,0.00   
0.83,0.82,0.83,0.00   
0.83,0.83,0.83,0.00   
0.83,0.83,0.83,0.00   
0.84,0.83,0.83,0.00   
0.84,0.83,0.83,0.00   
0.84,0.83,0.83,0.00   
0.84,0.83,0.83,0.00   
0.84,0.83,0.84,0.00   
0.84,0.83,0.84,0.00   
0.84,0.84,0.84,0.00   
0.84,0.84,0.84,0.00   
0.84,0.84,0.84,0.00   
0.85,0.84,0.84,0.00   
0.85,0.84,0.84,0.00   
0.85,0.84,0.84,0.00   
0.85,0.84,0.85,0.00   
0.85,0.85,0.85,0.00   
0.85,0.85,0.85,0.00   
0.85,0.85,0.85,0.00   
0.85,0.85,0.85,0.00   
0.86,0.85,0.85,0.00   
0.86,0.85,0.86,0.00   
0.86,0.85,0.86,0.00   
0.86,0.85,0.86,0.00   
0.86,0.86,0.86,0.00   
0.86,0.86,0.86,0.00   
0.86,0.86,0.86,0.00   
0.86,0.86,0.86,0.00   
0.87,0.86,0.86,0.00   
0.87,0.86,0.86,0.00   
0.87,0.86,0.86,0.00   
0.87,0.86,0.87,0.00   
0.87,0.87,0.87,0.00   
0.87,0.87,0.87,0.00   
0.87,0.87,0.87,0.00   
0.87,0.87,0.87,0.00   
0.88,0.87,0.87,0.00   
0.88,0.87,0.87,0.00   
0.88,0.87,0.87,0.00   
0.88,0.87,0.87,0.00   
0.88,0.87,0.87,0.00   
0.88,0.87,0.87,0.00   
0.88,0.87,0.87,0.00   
0.88,0.87,0.87,0.00   
0.89,0.88,0.88,0.00   
0.89,0.88,0.88,0.00   
0.89,0.88,0.88,0.00   
0.89,0.88,0.88,0.00   
0.89,0.88,0.88,0.00   
0.89,0.88,0.88,0.02   
0.89,0.88,0.88,0.00   
0.89,0.88,0.88,0.00   
0.89,0.88,0.89,0.00   
0.90,0.89,0.89,0.00   
0.90,0.89,0.89,0.00   
0.90,0.89,0.89,0.00   
0.90,0.89,0.89,0.00   
0.90,0.89,0.89,0.00   
0.90,0.89,0.89,0.00   
0.90,0.89,0.89,0.00   
0.90,0.89,0.89,0.00   
0.91,0.89,0.90,0.00   
0.91,0.90,0.90,0.00   
0.91,0.90,0.90,0.00   
0.91,0.90,0.90,0.00   
0.91,0.90,0.90,0.00   
0.91,0.90,0.90,0.00   
0.91,0.90,0.90,0.00   
0.91,0.90,0.91,0.00   
0.92,0.90,0.91,0.00   
0.92,0.91,0.91,0.00   
0.92,0.91,0.91,0.00   
0.92,0.91,0.91,0.00   
0.92,0.91,0.91,0.00   
0.92,0.91,0.92,0.00   
0.92,0.91,0.91,0.00   
0.92,0.91,0.91,0.00   
0.93,0.91,0.92,0.00   
0.93,0.92,0.92,0.00   
0.93,0.92,0.92,0.00   
0.93,0.92,0.92,0.00   
0.93,0.92,0.92,0.00   
0.93,0.92,0.92,0.00   
0.93,0.92,0.92,0.00   
0.93,0.92,0.92,0.00   
0.94,0.92,0.93,0.00   
0.94,0.92,0.92,0.00   
0.94,0.93,0.93,0.00   
0.94,0.93,0.93,0.00   
0.94,0.93,0.93,0.00   
0.94,0.93,0.93,0.00   
0.94,0.93,0.93,0.00   
0.94,0.93,0.94,0.00   
0.95,0.93,0.94,0.00   
0.95,0.94,0.94,0.00   
0.95,0.94,0.94,0.00   
0.95,0.94,0.94,0.00   
0.95,0.94,0.94,0.00   
0.95,0.94,0.94,0.00   
0.95,0.94,0.94,0.00   
0.95,0.94,0.94,0.00   
0.95,0.94,0.95,0.00   
0.96,0.94,0.95,0.00   
0.96,0.95,0.95,0.00   
0.96,0.95,0.95,0.00   
0.96,0.95,0.95,0.00   
0.96,0.95,0.95,0.00   
0.96,0.95,0.95,0.00   
0.96,0.95,0.95,0.00   
0.96,0.95,0.96,0.00   
0.97,0.96,0.96,0.00   
0.97,0.96,0.96,0.00   
0.97,0.96,0.96,0.00   
0.97,0.96,0.96,0.00   
0.97,0.96,0.96,0.00   
0.97,0.96,0.96,0.00   
0.97,0.96,0.97,0.00   
0.97,0.97,0.97,0.00   
0.98,0.97,0.97,0.00   
0.98,0.97,0.97,0.00   
0.98,0.97,0.97,0.00   
0.98,0.97,0.97,0.00   
0.98,0.97,0.97,0.00   
0.98,0.97,0.97,0.00   
0.98,0.97,0.98,0.00   
0.98,0.98,0.98,0.00   
0.99,0.98,0.98,0.00   
0.99,0.98,0.98,0.00   
0.99,0.98,0.98,0.00   
0.99,0.98,0.98,0.00   
0.99,0.98,0.98,0.00   
0.99,0.98,0.99,0.00   
0.99,0.98,0.98,0.00   
0.99,0.99,0.99,0.00   
1.00,0.99,0.99,0.00   
1.00,0.99,0.99,0.00   
1.00,0.99,0.99,0.00   
1.00,0.99,0.99,0.00   
1.00,0.99,0.99,0.00   
1.00,0.99,1.00,0.00   
1.00,0.99,1.00,0.00   
1.00,1.00,1.00,0.00   
1.00,1.00,1.00,0.00   
1.01,1.00,1.00,0.00   
1.01,1.00,1.00,0.00   
1.01,1.00,1.00,0.00   
1.01,1.00,1.01,0.00   
1.01,1.00,1.01,0.00   
1.01,1.01,1.01,0.00   
1.01,1.01,1.01,0.00   
1.01,1.01,1.01,0.00   
1.02,1.01,1.01,0.00   
1.02,1.01,1.01,0.00   
1.02,1.01,1.01,0.00   
1.02,1.01,1.02,0.00   
1.02,1.01,1.02,0.00   
1.02,1.02,1.02,0.00   
1.02,1.02,1.02,0.00   
1.02,1.02,1.02,0.00   
1.03,1.02,1.02,0.00   
1.03,1.02,1.02,0.00   
1.03,1.02,1.02,0.00   
1.03,1.02,1.02,0.00   
1.03,1.02,1.03,0.00   
1.03,1.02,1.03,0.00   
1.03,1.03,1.03,0.00   
1.03,1.03,1.03,0.00   
1.04,1.03,1.03,0.00   
1.04,1.03,1.03,0.00   
1.04,1.03,1.03,0.00   
1.04,1.03,1.03,0.00   
1.04,1.03,1.04,0.00   
1.04,1.03,1.04,0.00   
1.04,1.04,1.04,0.00   
1.04,1.04,1.04,0.00   
1.05,1.04,1.04,0.00   
1.05,1.04,1.04,0.00   
1.05,1.04,1.04,0.00   
1.05,1.04,1.04,0.00   
1.05,1.04,1.05,0.00   
1.05,1.04,1.05,0.00   
1.05,1.05,1.05,0.00   
1.05,1.05,1.05,0.00   
1.05,1.05,1.05,0.00   
1.06,1.05,1.05,0.00   
1.06,1.05,1.05,0.00   
1.06,1.05,1.05,0.00   
1.06,1.05,1.05,0.00   
1.06,1.05,1.05,0.00   
1.06,1.05,1.05,0.00   
1.06,1.06,1.06,0.00   
1.06,1.06,1.06,0.00   
1.07,1.06,1.06,0.00   
1.07,1.06,1.06,0.00   
1.07,1.06,1.06,0.00   
1.07,1.06,1.06,0.00   
1.07,1.06,1.07,0.00   
1.07,1.06,1.07,0.00   
1.07,1.07,1.07,0.00   
1.07,1.07,1.07,0.00   
1.08,1.07,1.07,0.00   
1.08,1.07,1.07,0.00   
1.08,1.07,1.07,0.00   
1.08,1.07,1.07,0.00   
1.08,1.07,1.07,0.00   
1.08,1.08,1.08,0.00   
1.08,1.07,1.08,0.00   
1.08,1.08,1.08,0.00   
1.09,1.08,1.08,0.00   
1.09,1.08,1.08,0.00   
1.09,1.08,1.08,0.00   
1.09,1.08,1.08,0.00   
1.09,1.08,1.08,0.00   
1.09,1.08,1.09,0.00   
1.09,1.08,1.09,0.00   
1.09,1.09,1.09,0.00   
1.10,1.09,1.09,0.00   
1.10,1.09,1.09,0.00   
1.10,1.09,1.09,0.00   
1.10,1.09,1.09,0.00   
1.10,1.09,1.09,0.00   
1.10,1.09,1.09,0.00   
1.10,1.09,1.09,0.00   
1.10,1.09,1.09,0.00   
1.11,1.09,1.09,0.00   
1.11,1.09,1.10,0.00   
1.11,1.09,1.10,0.00   
1.11,1.10,1.10,0.00   
1.11,1.10,1.10,0.00   
1.11,1.10,1.10,0.00   
1.11,1.10,1.10,0.00   
1.11,1.10,1.10,0.00   
1.11,1.10,1.10,0.00   
1.12,1.10,1.11,0.00   
1.12,1.11,1.11,0.00   
1.12,1.11,1.11,0.00   
1.12,1.11,1.11,0.00   
1.12,1.11,1.11,0.00   
1.12,1.11,1.11,0.00   
1.12,1.11,1.11,0.00   
1.12,1.11,1.12,0.00   
1.13,1.12,1.12,0.00   
1.13,1.12,1.12,0.00   
1.13,1.12,1.12,0.00   
1.13,1.12,1.12,0.00   
1.13,1.12,1.12,0.00   
1.13,1.12,1.12,0.00   
1.13,1.12,1.12,0.00   
1.13,1.12,1.13,0.00   
1.14,1.13,1.13,0.00   
1.14,1.13,1.13,0.00   
1.14,1.13,1.13,0.00   
1.14,1.13,1.13,0.00   
1.14,1.13,1.13,0.00   
1.14,1.13,1.13,0.00   
1.14,1.13,1.14,0.00   
1.14,1.13,1.14,0.00   
1.15,1.14,1.14,0.00   
1.15,1.14,1.14,0.00   
1.15,1.14,1.14,0.00   
1.15,1.14,1.14,0.00   
1.15,1.14,1.14,0.00   
1.15,1.14,1.15,0.00   
1.15,1.14,1.14,0.00   
1.15,1.15,1.15,0.00   
1.16,1.15,1.15,0.00   
1.16,1.15,1.15,0.00   
1.16,1.15,1.15,0.00   
1.16,1.15,1.15,0.00   
1.16,1.15,1.15,0.00   
1.16,1.15,1.15,0.00   
1.16,1.15,1.16,0.00   
1.16,1.16,1.16,0.00   
1.16,1.16,1.16,0.00   
1.17,1.16,1.16,0.00   
1.17,1.16,1.16,0.00   
1.17,1.16,1.16,0.00   
1.17,1.16,1.16,0.00   
1.17,1.16,1.17,0.00   
1.17,1.17,1.17,0.00   
1.17,1.17,1.17,0.00   
1.17,1.17,1.17,0.00   
1.18,1.17,1.17,0.00   
1.18,1.17,1.17,0.00   
1.18,1.17,1.17,0.00   
1.18,1.17,1.17,0.00   
1.18,1.17,1.17,0.00   
1.18,1.18,1.18,0.00   
1.18,1.18,1.18,0.00   
1.18,1.18,1.18,0.00   
1.19,1.18,1.18,0.00   
1.19,1.18,1.18,0.00   
1.19,1.18,1.18,0.00   
1.19,1.18,1.18,0.00   
1.19,1.18,1.18,0.00   
1.19,1.18,1.19,0.00   
1.19,1.19,1.19,0.00   
1.19,1.19,1.19,0.00   
1.20,1.19,1.19,0.00   
1.20,1.19,1.19,0.00   
1.20,1.19,1.19,0.00   
1.20,1.19,1.19,0.00   
1.20,1.19,1.20,0.00   
1.20,1.19,1.20,0.00   
1.20,1.20,1.20,0.00   
1.20,1.20,1.20,0.00   
1.21,1.20,1.20,0.00   
1.21,1.20,1.20,0.00   
1.21,1.20,1.20,0.00   
1.21,1.20,1.20,0.00   
1.21,1.20,1.20,0.00   
1.21,1.20,1.21,0.00   
1.21,1.21,1.21,0.00   
1.21,1.21,1.21,0.00   
1.21,1.21,1.21,0.00   
1.22,1.21,1.21,0.00   
1.22,1.21,1.21,0.00   
1.22,1.21,1.21,0.00   
1.22,1.21,1.21,0.00   
1.22,1.21,1.22,0.00   
1.22,1.21,1.22,0.00   
1.22,1.22,1.22,0.00   
1.22,1.22,1.22,0.00   
1.23,1.22,1.22,0.00   
1.23,1.22,1.22,0.00   
1.23,1.22,1.22,0.00   
1.23,1.22,1.22,0.00   
1.23,1.22,1.23,0.00   
1.23,1.22,1.23,0.00   
1.23,1.22,1.23,0.00   
1.23,1.23,1.23,0.00   
1.24,1.23,1.23,0.00   
1.24,1.23,1.23,0.00   
1.24,1.23,1.23,0.00   
1.24,1.23,1.23,0.00   
1.24,1.23,1.23,0.00   
1.24,1.24,1.24,0.00   
1.24,1.24,1.23,0.02   
1.24,1.24,1.24,0.00   
1.25,1.24,1.24,0.00   
1.25,1.24,1.24,0.00   
1.25,1.24,1.24,0.00   
1.25,1.24,1.24,0.00   
1.25,1.24,1.24,0.00   
1.25,1.24,1.25,0.00   
1.25,1.25,1.25,0.00   
1.25,1.25,1.25,0.00   
1.26,1.25,1.25,0.00   
1.26,1.25,1.25,0.00   
1.26,1.25,1.25,0.00   
1.26,1.25,1.25,0.00   
1.26,1.25,1.25,0.00   
1.26,1.25,1.26,0.00   
1.26,1.26,1.26,0.00   
1.26,1.26,1.26,0.00   
1.26,1.26,1.26,0.00   
1.27,1.26,1.26,0.00   
1.27,1.26,1.26,0.00   
1.27,1.26,1.26,0.00   
1.27,1.26,1.27,0.00   
1.27,1.27,1.27,0.00   
1.27,1.27,1.27,0.00   
1.27,1.27,1.27,0.00   
1.27,1.27,1.27,0.00   
1.28,1.27,1.27,0.00   
1.28,1.27,1.27,0.00   
1.28,1.27,1.28,0.00   
1.28,1.27,1.28,0.00   
1.28,1.28,1.28,0.00   
1.28,1.28,1.28,0.00   
1.28,1.28,1.28,0.00   
1.28,1.28,1.28,0.00   
1.29,1.28,1.28,0.00   
1.29,1.28,1.28,0.00   
1.29,1.28,1.29,0.00   
1.29,1.29,1.29,0.00   
1.29,1.29,1.29,0.00   
1.29,1.29,1.29,0.00   
1.29,1.29,1.29,0.00   
1.29,1.29,1.29,0.00   
1.30,1.29,1.29,0.00   
1.30,1.29,1.29,0.00   
1.30,1.29,1.30,0.00   
1.30,1.30,1.30,0.00   
1.30,1.30,1.30,0.00   
1.30,1.30,1.30,0.00   
1.30,1.30,1.30,0.00   
1.30,1.30,1.30,0.00   
1.31,1.30,1.30,0.00   
1.31,1.30,1.30,0.00   
1.31,1.30,1.30,0.00   
1.31,1.30,1.30,0.00   
1.31,1.30,1.31,0.00   
1.31,1.31,1.31,0.00   
1.31,1.31,1.31,0.00   
1.31,1.31,1.31,0.00   
1.32,1.31,1.31,0.00   
1.32,1.31,1.31,0.00   
1.32,1.31,1.31,0.00   
1.32,1.31,1.31,0.00   
1.32,1.32,1.32,0.00   
1.32,1.32,1.32,0.00   
1.32,1.32,1.32,0.00   
1.32,1.32,1.32,0.00   
1.32,1.32,1.32,0.00   
1.33,1.32,1.32,0.00   
1.33,1.32,1.32,0.00   
1.33,1.32,1.33,0.00   
1.33,1.32,1.33,0.00   
1.33,1.33,1.33,0.00   
1.33,1.33,1.33,0.00   
1.33,1.33,1.33,0.00   
1.33,1.33,1.33,0.00   
1.34,1.33,1.33,0.00   
1.34,1.33,1.33,0.00   
1.34,1.33,1.33,0.00   
1.34,1.33,1.34,0.00   
1.34,1.34,1.34,0.00   
1.34,1.34,1.34,0.00   
1.34,1.34,1.34,0.00   
1.34,1.34,1.34,0.00   
1.35,1.34,1.34,0.00   
1.35,1.34,1.34,0.00   
1.35,1.34,1.34,0.00   
1.35,1.34,1.34,0.00   
1.35,1.34,1.35,0.00   
1.35,1.35,1.35,0.00   
1.35,1.35,1.35,0.00   
1.35,1.35,1.35,0.00   
1.36,1.35,1.35,0.00   
1.36,1.35,1.35,0.00   
1.36,1.35,1.35,0.00   
1.36,1.35,1.35,0.00   
1.36,1.35,1.36,0.00   
1.36,1.36,1.36,0.00   
1.36,1.36,1.36,0.00   
1.36,1.36,1.36,0.00   
1.37,1.36,1.36,0.00   
1.37,1.36,1.36,0.00   
1.37,1.36,1.36,0.00   
1.37,1.36,1.36,0.00   
1.37,1.36,1.36,0.00   
1.37,1.36,1.37,0.00   
1.37,1.37,1.37,0.00   
1.37,1.37,1.37,0.00   
1.37,1.37,1.37,0.00   
1.38,1.37,1.37,0.00   
1.38,1.37,1.37,0.00   
1.38,1.37,1.37,0.00   
1.38,1.37,1.37,0.00   
1.38,1.37,1.37,0.00   
1.38,1.37,1.38,0.00   
1.38,1.38,1.38,0.00   
1.38,1.38,1.38,0.00   
1.39,1.38,1.38,0.00   
1.39,1.38,1.38,0.00   
1.39,1.38,1.38,0.00   
1.39,1.38,1.38,0.00   
1.39,1.38,1.39,0.00   
1.39,1.38,1.39,0.00   
1.39,1.39,1.39,0.00   
1.39,1.39,1.39,0.00   
1.40,1.39,1.39,0.00   
1.40,1.39,1.39,0.00   
1.40,1.39,1.39,0.00   
1.40,1.39,1.39,0.00   
1.40,1.39,1.39,0.00   
1.40,1.39,1.40,0.00   
1.40,1.40,1.40,0.00   
1.40,1.40,1.40,0.00   
1.41,1.40,1.40,0.00   
1.41,1.40,1.40,0.00   
1.41,1.40,1.40,0.00   
1.41,1.40,1.40,0.00   
1.41,1.40,1.40,0.00   
1.41,1.40,1.41,0.00   
1.41,1.40,1.41,0.00   
1.41,1.41,1.41,0.00   
1.42,1.41,1.41,0.00   
1.42,1.41,1.41,0.00   
1.42,1.41,1.41,0.00   
1.42,1.41,1.41,0.00   
1.42,1.41,1.41,0.00   
1.42,1.41,1.41,0.00   
1.42,1.42,1.42,0.00   
1.42,1.42,1.42,0.00   
1.42,1.42,1.42,0.00   
1.43,1.42,1.42,0.00   
1.43,1.42,1.42,0.00   
1.43,1.42,1.42,0.00   
1.43,1.42,1.42,0.00   
1.43,1.42,1.43,0.00   
1.43,1.43,1.43,0.00   
1.43,1.43,1.43,0.00   
1.43,1.43,1.43,0.00   
1.44,1.43,1.43,0.00   
1.44,1.43,1.43,0.00   
1.44,1.43,1.43,0.00   
1.44,1.43,1.44,0.00   
1.44,1.44,1.44,0.00   
1.44,1.44,1.44,0.00   
1.44,1.44,1.44,0.00   
1.44,1.44,1.44,0.00   
1.45,1.44,1.44,0.00   
1.45,1.44,1.44,0.00   
1.45,1.44,1.45,0.00   
1.45,1.44,1.45,0.00   
1.45,1.45,1.45,0.00   
1.45,1.45,1.45,0.00   
1.45,1.45,1.45,0.00   
1.45,1.45,1.45,0.00   
1.46,1.45,1.45,0.00   
1.46,1.45,1.45,0.00   
1.46,1.45,1.45,0.00   
1.46,1.46,1.46,0.00   
1.46,1.46,1.46,0.00   
1.46,1.46,1.46,0.00   
1.46,1.46,1.46,0.00   
1.46,1.46,1.46,0.00   
1.47,1.46,1.46,0.00   
1.47,1.46,1.46,0.00   
1.47,1.46,1.47,0.00   
1.47,1.47,1.47,0.00   
1.47,1.47,1.47,0.00   
1.47,1.47,1.47,0.00   
1.47,1.47,1.47,0.00   
1.47,1.47,1.47,0.00   
1.47,1.47,1.47,0.00   
1.48,1.47,1.48,0.00   
1.48,1.48,1.48,0.00   
1.48,1.48,1.48,0.00   
1.48,1.48,1.48,0.00   
1.48,1.48,1.48,0.00   
1.48,1.48,1.48,0.00   
1.48,1.48,1.48,0.00   
1.48,1.48,1.48,0.00   
1.49,1.48,1.49,0.00   
1.49,1.49,1.49,0.00   
1.49,1.49,1.49,0.00   
1.49,1.49,1.49,0.00   
1.49,1.49,1.49,0.00   
1.49,1.49,1.49,0.00   
1.49,1.49,1.49,0.00   
1.49,1.49,1.49,0.00   
1.50,1.49,1.49,0.00   
1.50,1.50,1.49,0.02   
1.50,1.50,1.50,0.00   
1.50,1.50,1.50,0.00   
1.50,1.50,1.50,0.00   
1.50,1.50,1.50,0.00   
1.50,1.50,1.50,0.00   
1.50,1.50,1.50,0.00   
1.51,1.50,1.50,0.00   
1.51,1.50,1.51,0.00   
1.51,1.50,1.51,0.00   
1.51,1.51,1.51,0.00   
1.51,1.51,1.51,0.00   
1.51,1.51,1.51,0.00   
1.51,1.51,1.51,0.00   
1.51,1.51,1.51,0.00   
1.52,1.51,1.51,0.00   
1.52,1.51,1.51,0.00   
1.52,1.51,1.52,0.00   
1.52,1.52,1.52,0.00   
1.52,1.52,1.52,0.00   
1.52,1.52,1.52,0.00   
1.52,1.52,1.52,0.02   
1.52,1.52,1.52,0.02   
1.53,1.52,1.52,0.00   
1.53,1.52,1.52,0.00   
1.53,1.52,1.52,0.00   
1.53,1.52,1.52,0.00   
1.53,1.52,1.52,0.00   
1.53,1.52,1.52,0.00   
1.53,1.52,1.52,0.00   
1.53,1.52,1.53,0.00   
1.53,1.53,1.53,0.00   
1.54,1.53,1.53,0.00   
1.54,1.53,1.53,0.00   
1.54,1.53,1.53,0.00   
1.54,1.53,1.53,0.00   
1.54,1.53,1.53,0.00   
1.54,1.53,1.53,0.00   
1.54,1.53,1.54,0.00   
1.54,1.54,1.54,0.00   
1.55,1.54,1.54,0.00   
1.55,1.54,1.54,0.00   
1.55,1.54,1.54,0.00   
1.55,1.54,1.54,0.02   
1.55,1.54,1.54,0.00   
1.55,1.54,1.54,0.00   
1.55,1.54,1.54,0.00   
1.55,1.55,1.54,0.02   
1.56,1.55,1.55,0.00   
1.56,1.55,1.55,0.00   
1.56,1.55,1.55,0.00   
1.56,1.55,1.55,0.00   
1.56,1.55,1.55,0.00   
1.56,1.55,1.55,0.00   
1.56,1.55,1.55,0.00   
1.56,1.55,1.55,0.00   
1.57,1.56,1.56,0.00   
1.57,1.56,1.56,0.00   
1.57,1.56,1.56,0.00   
1.57,1.56,1.56,0.02   
1.57,1.56,1.56,0.00   
1.57,1.56,1.56,0.00   
1.57,1.56,1.56,0.00   
1.57,1.56,1.56,0.00   
1.58,1.57,1.57,0.00   
1.58,1.57,1.57,0.00   
1.58,1.57,1.57,0.00   
1.58,1.57,1.57,0.02   
1.58,1.57,1.57,0.00   
1.58,1.57,1.57,0.00   
1.58,1.58,1.57,0.02   
1.58,1.58,1.57,0.02   
1.58,1.58,1.58,0.00   
1.59,1.58,1.58,0.00   
1.59,1.58,1.58,0.02   
1.59,1.58,1.58,0.02   
1.59,1.58,1.58,0.00   
1.59,1.58,1.58,0.00   
1.59,1.59,1.58,0.02   
1.59,1.59,1.58,0.02   
1.59,1.59,1.59,0.00   
1.60,1.59,1.59,0.00   
1.60,1.59,1.59,0.00   
1.60,1.59,1.59,0.02   
1.60,1.59,1.59,0.00   
1.60,1.60,1.59,0.02   
1.60,1.60,1.59,0.02   
1.60,1.60,1.59,0.02   
1.60,1.60,1.60,0.00   
1.61,1.60,1.60,0.02   
1.61,1.60,1.60,0.02   
1.61,1.60,1.60,0.02   
1.61,1.60,1.60,0.00   
1.61,1.61,1.60,0.02   
1.61,1.61,1.60,0.02   
1.61,1.61,1.60,0.02   
1.61,1.61,1.61,0.00   
1.62,1.61,1.61,0.02   
1.62,1.61,1.61,0.02   
1.62,1.61,1.61,0.02   
1.62,1.62,1.61,0.02   
1.62,1.62,1.61,0.02   
1.62,1.62,1.61,0.02   
1.62,1.62,1.61,0.02   
1.62,1.62,1.61,0.04   
1.63,1.62,1.62,0.02   
1.63,1.62,1.62,0.02   
1.63,1.62,1.62,0.02   
1.63,1.63,1.62,0.04   
1.63,1.63,1.62,0.02   
1.63,1.63,1.62,0.02   
1.63,1.63,1.62,0.04   
1.63,1.63,1.62,0.04   
1.63,1.63,1.63,0.02   
1.64,1.63,1.63,0.02   
1.64,1.64,1.63,0.04   
1.64,1.64,1.63,0.04   
1.64,1.64,1.63,0.02   
1.64,1.64,1.63,0.02   
1.64,1.64,1.63,0.04   
1.64,1.64,1.63,0.04   
1.64,1.64,1.63,0.04   
1.65,1.64,1.64,0.02   
1.65,1.65,1.64,0.04   
1.65,1.65,1.64,0.04   
1.65,1.65,1.64,0.04   
1.65,1.65,1.64,0.04   
1.65,1.65,1.64,0.02   
1.65,1.65,1.64,0.04   
1.65,1.65,1.64,0.04   
1.66,1.65,1.64,0.04   
1.66,1.65,1.64,0.04   
1.66,1.65,1.64,0.04   
1.66,1.66,1.65,0.04   
1.66,1.66,1.65,0.04   
1.66,1.66,1.65,0.04   
1.66,1.66,1.65,0.04   
1.66,1.66,1.65,0.04   
1.67,1.66,1.65,0.04   
1.67,1.66,1.65,0.04   
1.67,1.67,1.65,0.07   
1.67,1.67,1.65,0.07   
1.67,1.67,1.65,0.07   
1.67,1.67,1.65,0.07   
1.67,1.67,1.66,0.04   
1.67,1.67,1.66,0.07   
1.68,1.67,1.66,0.07   
1.68,1.67,1.66,0.07   
1.68,1.67,1.66,0.07   
1.68,1.67,1.66,0.07   
1.68,1.68,1.66,0.09   
1.68,1.68,1.66,0.07   
1.68,1.68,1.66,0.07   
1.68,1.68,1.66,0.07   
1.68,1.68,1.66,0.09   
1.69,1.68,1.66,0.09   
1.69,1.68,1.67,0.07   
1.69,1.68,1.67,0.07   
1.69,1.69,1.67,0.09   
1.69,1.69,1.67,0.09   
1.69,1.69,1.67,0.09   
1.69,1.69,1.67,0.09   
1.69,1.69,1.67,0.07   
1.70,1.69,1.67,0.09   
1.70,1.69,1.67,0.09   
1.70,1.69,1.67,0.09   
1.70,1.69,1.67,0.09   
1.70,1.70,1.67,0.11   
1.70,1.70,1.67,0.11   
1.70,1.70,1.68,0.09   
1.70,1.70,1.68,0.09   
1.71,1.70,1.68,0.11   
1.71,1.70,1.68,0.11   
1.71,1.70,1.68,0.11   
1.71,1.70,1.68,0.11   
1.71,1.71,1.68,0.11   
1.71,1.71,1.68,0.11   
1.71,1.71,1.68,0.11   
1.71,1.71,1.68,0.11   
1.72,1.71,1.68,0.11   
1.72,1.71,1.68,0.13   
1.72,1.71,1.68,0.13   
1.72,1.71,1.69,0.11   
1.72,1.71,1.69,0.11   
1.72,1.72,1.69,0.13   
1.72,1.72,1.69,0.13   
1.72,1.72,1.69,0.13   
1.73,1.72,1.69,0.16   
1.73,1.72,1.69,0.13   
1.73,1.72,1.69,0.13   
1.73,1.72,1.69,0.13   
1.73,1.72,1.69,0.13   
1.73,1.73,1.69,0.16   
1.73,1.73,1.69,0.16   
1.73,1.73,1.69,0.16   
1.74,1.73,1.70,0.16   
1.74,1.73,1.70,0.16   
1.74,1.73,1.70,0.16   
1.74,1.73,1.70,0.16   
1.74,1.74,1.70,0.18   
1.74,1.74,1.70,0.18   
1.74,1.74,1.70,0.18   
1.74,1.74,1.70,0.18   
1.74,1.74,1.70,0.18   
1.75,1.74,1.70,0.18   
1.75,1.74,1.70,0.18   
1.75,1.74,1.70,0.20   
1.75,1.74,1.70,0.20   
1.75,1.74,1.71,0.18   
1.75,1.74,1.71,0.18   
1.75,1.75,1.71,0.20   
1.75,1.75,1.71,0.20   
1.76,1.75,1.71,0.20   
1.76,1.75,1.71,0.22   
1.76,1.75,1.71,0.20   
1.76,1.75,1.71,0.20   
1.76,1.75,1.71,0.22   
1.76,1.76,1.71,0.24   
1.76,1.76,1.71,0.22   
1.76,1.76,1.71,0.22   
1.77,1.76,1.71,0.22   
1.77,1.76,1.71,0.24   
1.77,1.76,1.71,0.24   
1.77,1.76,1.71,0.24   
1.77,1.76,1.71,0.24   
1.77,1.77,1.72,0.24   
1.77,1.77,1.72,0.24   
1.77,1.77,1.72,0.24   
1.78,1.77,1.72,0.27   
1.78,1.77,1.72,0.27   
1.78,1.77,1.72,0.27   
1.78,1.77,1.72,0.27   
1.78,1.78,1.72,0.29   
1.78,1.78,1.72,0.27   
1.78,1.78,1.72,0.27   
1.78,1.78,1.72,0.27   
1.79,1.78,1.72,0.29   
1.79,1.78,1.72,0.29   
1.79,1.78,1.72,0.29   
1.79,1.78,1.72,0.29   
1.79,1.79,1.73,0.29   
1.79,1.79,1.73,0.29   
1.79,1.79,1.73,0.29   
1.79,1.79,1.73,0.31   
1.79,1.79,1.73,0.31   
1.80,1.79,1.73,0.31   
1.80,1.79,1.73,0.31   
1.80,1.80,1.73,0.33   
1.80,1.80,1.73,0.33   
1.80,1.80,1.73,0.31   
1.80,1.80,1.73,0.33   
1.80,1.80,1.73,0.33   
1.80,1.80,1.73,0.36   
1.81,1.80,1.73,0.33   
1.81,1.80,1.73,0.33   
1.81,1.80,1.73,0.33   
1.81,1.81,1.73,0.36   
1.81,1.81,1.73,0.36   
1.81,1.81,1.73,0.36   
1.81,1.81,1.73,0.36   
1.81,1.81,1.73,0.38   
1.82,1.81,1.73,0.38   
1.82,1.81,1.74,0.36   
1.82,1.81,1.73,0.38   
1.82,1.82,1.74,0.38   
1.82,1.82,1.74,0.38   
1.82,1.82,1.74,0.38   
1.82,1.82,1.74,0.38   
1.82,1.82,1.74,0.40   
1.83,1.82,1.74,0.40   
1.83,1.82,1.74,0.40   
1.83,1.82,1.74,0.40   
1.83,1.83,1.74,0.42   
1.83,1.83,1.74,0.42   
1.83,1.83,1.74,0.40   
1.83,1.83,1.74,0.42   
1.83,1.83,1.74,0.42   
1.84,1.83,1.74,0.42   
1.84,1.83,1.74,0.42   
1.84,1.83,1.74,0.42   
1.84,1.84,1.74,0.44   
1.84,1.84,1.74,0.44   
1.84,1.84,1.74,0.44   
1.84,1.84,1.74,0.44   
1.84,1.84,1.74,0.44   
1.84,1.84,1.74,0.47   
1.85,1.84,1.74,0.47   
1.85,1.84,1.74,0.47   
1.85,1.84,1.74,0.47   
1.85,1.85,1.74,0.47   
1.85,1.85,1.74,0.47   
1.85,1.85,1.74,0.47   
1.85,1.85,1.74,0.47   
1.85,1.85,1.74,0.49   
1.86,1.85,1.74,0.49   
1.86,1.85,1.74,0.49   
1.86,1.85,1.74,0.49   
1.86,1.86,1.74,0.51   
1.86,1.86,1.74,0.51   
1.86,1.86,1.74,0.51   
1.86,1.86,1.74,0.51   
1.86,1.86,1.74,0.53   
1.87,1.86,1.75,0.51   
1.87,1.86,1.74,0.53   
1.87,1.86,1.75,0.51   
1.87,1.86,1.75,0.51   
1.87,1.87,1.75,0.53   
1.87,1.87,1.75,0.53   
1.87,1.87,1.75,0.53   
1.87,1.87,1.75,0.53   
1.88,1.87,1.75,0.56   
1.88,1.87,1.75,0.56   
1.88,1.87,1.75,0.56   
1.88,1.87,1.75,0.56   
1.88,1.88,1.75,0.58   
1.88,1.88,1.75,0.56   
1.88,1.88,1.75,0.58   
1.88,1.88,1.75,0.60   
1.89,1.88,1.75,0.58   
1.89,1.88,1.75,0.58   
1.89,1.88,1.75,0.58   
1.89,1.89,1.75,0.60   
1.89,1.89,1.75,0.60   
1.89,1.89,1.75,0.60   
1.89,1.89,1.75,0.62   
1.89,1.89,1.75,0.62   
1.89,1.89,1.75,0.62   
1.90,1.89,1.76,0.60   
1.90,1.89,1.75,0.62   
1.90,1.90,1.76,0.62   
1.90,1.90,1.76,0.62   
1.90,1.90,1.75,0.64   
1.90,1.90,1.76,0.64   
1.90,1.90,1.76,0.64   
1.90,1.90,1.76,0.64   
1.91,1.90,1.76,0.64   
1.91,1.91,1.76,0.67   
1.91,1.91,1.76,0.67   
1.91,1.91,1.76,0.67   
1.91,1.91,1.76,0.67   
1.91,1.91,1.76,0.69   
1.91,1.91,1.76,0.69   
1.91,1.91,1.76,0.69   
1.92,1.91,1.76,0.69   
1.92,1.92,1.76,0.71   
1.92,1.92,1.76,0.71   
1.92,1.92,1.76,0.69   
1.92,1.92,1.76,0.71   
1.92,1.92,1.76,0.71   
1.92,1.92,1.76,0.71   
1.92,1.93,1.76,0.73   
1.93,1.93,1.76,0.73   
1.93,1.93,1.77,0.71   
1.93,1.93,1.76,0.73   
1.93,1.93,1.76,0.76   
1.93,1.93,1.76,0.76   
1.93,1.93,1.77,0.73   
1.93,1.93,1.76,0.76   
1.93,1.94,1.76,0.78   
1.94,1.94,1.76,0.78   
1.94,1.94,1.77,0.76   
1.94,1.94,1.76,0.78   
1.94,1.94,1.76,0.80   
1.94,1.94,1.76,0.80   
1.94,1.94,1.77,0.78   
1.94,1.95,1.77,0.80   
1.94,1.95,1.77,0.80   
1.95,1.95,1.77,0.80   
1.95,1.95,1.77,0.80   
1.95,1.95,1.77,0.82   
1.95,1.95,1.77,0.82   
1.95,1.95,1.77,0.82   
1.95,1.95,1.77,0.82   
1.95,1.96,1.77,0.84   
1.95,1.96,1.77,0.84   
1.95,1.96,1.77,0.84   
1.96,1.96,1.77,0.82   
1.96,1.96,1.77,0.84   
1.96,1.96,1.77,0.87   
1.96,1.96,1.77,0.87   
1.96,1.96,1.77,0.84   
1.96,1.96,1.77,0.87   
1.96,1.96,1.77,0.87   
1.96,1.96,1.77,0.87   
1.97,1.96,1.77,0.87   
1.97,1.96,1.77,0.87   
1.97,1.97,1.77,0.89   
1.97,1.97,1.77,0.89   
1.97,1.97,1.77,0.89   
1.97,1.97,1.77,0.89   
1.97,1.97,1.77,0.91   
1.97,1.97,1.77,0.91   
1.98,1.97,1.77,0.91   
1.98,1.97,1.77,0.91   
1.98,1.98,1.77,0.93   
1.98,1.98,1.77,0.93   
1.98,1.98,1.78,0.91   
1.98,1.98,1.77,0.93   
1.98,1.98,1.77,0.93   
1.98,1.98,1.77,0.96   
1.99,1.98,1.77,0.96   
1.99,1.98,1.77,0.96   
1.99,1.98,1.77,0.96   
1.99,1.99,1.78,0.96   
1.99,1.99,1.78,0.96   
1.99,1.99,1.78,0.96   
1.99,1.99,1.78,0.96   
1.99,1.99,1.78,0.98   
2.00,1.99,1.78,0.98   
2.00,1.99,1.78,0.98   
2.00,1.99,1.78,0.98   
2.00,2.00,1.78,1.00   
2.00,2.00,1.78,1.00   
2.00,2.00,1.78,1.00   
2.00,2.00,1.78,1.00   
2.00,2.00,1.78,1.00   
2.00,2.00,1.78,1.02   
2.01,2.00,1.78,1.02   
2.01,2.00,1.78,1.02   
2.01,2.01,1.78,1.02   
2.01,2.01,1.78,1.04   
2.01,2.01,1.78,1.04   
2.01,2.01,1.78,1.02   
2.01,2.01,1.78,1.04   
2.01,2.01,1.78,1.04   
2.02,2.01,1.78,1.04   
2.02,2.01,1.78,1.04   
2.02,2.01,1.78,1.04   
2.02,2.02,1.78,1.07   
2.02,2.02,1.78,1.07   
2.02,2.02,1.78,1.07   
2.02,2.02,1.78,1.07   
2.02,2.02,1.78,1.07   
2.03,2.02,1.78,1.09   
2.03,2.02,1.78,1.09   
2.03,2.02,1.78,1.09   
2.03,2.02,1.78,1.09   
2.03,2.03,1.78,1.11   
2.03,2.03,1.78,1.11   
2.03,2.03,1.79,1.09   
2.03,2.03,1.79,1.11   
2.04,2.03,1.78,1.13   
2.04,2.03,1.78,1.13   
2.04,2.03,1.78,1.13   
2.04,2.03,1.78,1.13   
2.04,2.04,1.78,1.16   
2.04,2.04,1.79,1.13   
2.04,2.04,1.78,1.16   
2.04,2.04,1.79,1.16   
2.05,2.04,1.79,1.16   
2.05,2.04,1.78,1.18   
2.05,2.04,1.79,1.16   
2.05,2.05,1.79,1.18   
2.05,2.05,1.79,1.18   
2.05,2.05,1.79,1.18   
2.05,2.05,1.79,1.18   
2.05,2.05,1.79,1.20   
2.05,2.05,1.79,1.20   
2.06,2.05,1.79,1.20   
2.06,2.06,1.79,1.22   
2.06,2.06,1.79,1.22   
2.06,2.06,1.79,1.22   
2.06,2.06,1.79,1.22   
2.06,2.06,1.79,1.24   
2.06,2.06,1.79,1.24   
2.06,2.06,1.79,1.24   
2.07,2.06,1.79,1.24   
2.07,2.07,1.79,1.27   
2.07,2.07,1.79,1.27   
2.07,2.07,1.79,1.24   
2.07,2.07,1.79,1.27   
2.07,2.07,1.79,1.29   
2.07,2.07,1.79,1.27   
2.07,2.07,1.79,1.29   
2.08,2.07,1.79,1.27   
2.08,2.08,1.79,1.29   
2.08,2.08,1.79,1.29   
2.08,2.08,1.79,1.29   
2.08,2.08,1.79,1.31   
2.08,2.08,1.79,1.31   
2.08,2.08,1.79,1.31   
2.08,2.08,1.79,1.31   
2.09,2.09,1.79,1.33   
2.09,2.09,1.79,1.33   
2.09,2.09,1.79,1.33   
2.09,2.09,1.79,1.33   
2.09,2.09,1.79,1.36   
2.09,2.09,1.79,1.36   
2.09,2.09,1.79,1.36   
2.09,2.10,1.79,1.38   
2.10,2.10,1.79,1.38   
2.10,2.10,1.79,1.38   
2.10,2.10,1.79,1.38   
2.10,2.10,1.79,1.40   
2.10,2.10,1.79,1.40   
2.10,2.10,1.79,1.40   
2.10,2.10,1.80,1.38   
2.10,2.11,1.79,1.42   
2.11,2.11,1.79,1.42   
2.11,2.11,1.79,1.42   
2.11,2.11,1.80,1.42   
2.11,2.11,1.80,1.42   
2.11,2.11,1.80,1.42   
2.11,2.11,1.80,1.42   
2.11,2.11,1.80,1.42   
2.11,2.12,1.80,1.44   
2.11,2.12,1.80,1.44   
2.12,2.12,1.80,1.44   
2.12,2.12,1.80,1.44   
2.12,2.12,1.80,1.47   
2.12,2.12,1.80,1.44   
2.12,2.12,1.80,1.47   
2.12,2.12,1.80,1.47   
2.12,2.13,1.80,1.49   
2.12,2.13,1.80,1.49   
2.13,2.13,1.80,1.49   
2.13,2.13,1.80,1.49   
2.13,2.13,1.80,1.47   
2.13,2.13,1.80,1.51   
2.13,2.13,1.80,1.51   
2.13,2.13,1.80,1.51   
2.13,2.13,1.80,1.51   
2.13,2.14,1.80,1.53   
2.14,2.14,1.80,1.53   
2.14,2.14,1.80,1.53   
2.14,2.14,1.80,1.53   
2.14,2.14,1.80,1.56   
2.14,2.14,1.80,1.56   
2.14,2.14,1.80,1.53   
2.14,2.14,1.80,1.56   
2.14,2.15,1.80,1.58   
2.15,2.15,1.80,1.56   
2.15,2.15,1.80,1.56   
2.15,2.15,1.80,1.56   
2.15,2.15,1.80,1.56   
2.15,2.15,1.80,1.58   
2.15,2.15,1.80,1.58   
2.15,2.15,1.80,1.58   
2.15,2.15,1.80,1.58   
2.16,2.16,1.80,1.60   
2.16,2.16,1.80,1.60   
2.16,2.16,1.80,1.60   
2.16,2.16,1.80,1.60   
2.16,2.16,1.80,1.62   
2.16,2.16,1.80,1.62   
2.16,2.16,1.80,1.62   
2.16,2.16,1.80,1.62   
2.16,2.16,1.80,1.62   
2.17,2.17,1.80,1.64   
2.17,2.17,1.80,1.64   
2.17,2.17,1.80,1.64   
2.17,2.17,1.80,1.64   
2.17,2.17,1.80,1.67   
2.17,2.17,1.80,1.67   
2.17,2.17,1.80,1.67   
2.17,2.17,1.80,1.67   
2.18,2.17,1.81,1.67   
2.18,2.17,1.81,1.67   
2.18,2.17,1.80,1.69   
2.18,2.17,1.81,1.67   
2.18,2.18,1.81,1.69   
2.18,2.18,1.81,1.69   
2.18,2.18,1.81,1.69   
2.18,2.18,1.81,1.69   
2.19,2.18,1.81,1.69   
2.19,2.18,1.81,1.71   
2.19,2.18,1.81,1.71   
2.19,2.18,1.81,1.71   
2.19,2.19,1.81,1.73   
2.19,2.19,1.81,1.73   
2.19,2.19,1.81,1.73   
2.19,2.19,1.81,1.73   
2.20,2.19,1.81,1.73   
2.20,2.19,1.81,1.76   
2.20,2.19,1.81,1.73   
2.20,2.19,1.81,1.76   
2.20,2.20,1.81,1.78   
2.20,2.20,1.81,1.76   
2.20,2.20,1.81,1.78   
2.20,2.20,1.81,1.78   
2.21,2.20,1.81,1.80   
2.21,2.20,1.81,1.80   
2.21,2.20,1.81,1.80   
2.21,2.20,1.81,1.80   
2.21,2.21,1.81,1.82   
2.21,2.21,1.81,1.82   
2.21,2.21,1.81,1.82   
2.21,2.21,1.81,1.80   
2.21,2.21,1.81,1.82   
2.22,2.21,1.81,1.82   
2.22,2.21,1.81,1.82   
2.22,2.22,1.81,1.84   
2.22,2.22,1.81,1.84   
2.22,2.22,1.81,1.84   
2.22,2.22,1.81,1.84   
2.22,2.22,1.81,1.87   
2.22,2.22,1.81,1.87   
2.23,2.22,1.81,1.87   
2.23,2.22,1.81,1.87   
2.23,2.23,1.81,1.89   
2.23,2.23,1.81,1.89   
2.23,2.23,1.81,1.89   
2.23,2.23,1.81,1.91   
2.23,2.23,1.81,1.91   
2.23,2.23,1.81,1.91   
2.24,2.23,1.81,1.91   
2.24,2.24,1.81,1.93   
2.24,2.24,1.81,1.93   
2.24,2.24,1.81,1.93   
2.24,2.24,1.81,1.93   
2.24,2.24,1.81,1.96   
2.24,2.24,1.82,1.93   
2.24,2.24,1.81,1.96   
2.25,2.25,1.81,1.98   
2.25,2.25,1.81,1.98   
2.25,2.25,1.82,1.96   
2.25,2.25,1.81,1.98   
2.25,2.25,1.81,1.98   
2.25,2.25,1.82,1.98   
2.25,2.25,1.82,1.98   
2.25,2.25,1.82,1.98   
2.26,2.26,1.82,2.00   
2.26,2.26,1.82,2.00   
2.26,2.26,1.82,2.00   
2.26,2.26,1.82,2.02   
2.26,2.26,1.82,2.02   
2.26,2.26,1.82,2.02   
2.26,2.26,1.82,2.02   
2.26,2.27,1.82,2.04   
2.26,2.27,1.82,2.04   
2.27,2.27,1.82,2.04   
2.27,2.27,1.82,2.04   
2.27,2.27,1.82,2.04   
2.27,2.27,1.82,2.07   
2.27,2.27,1.82,2.07   
2.27,2.27,1.82,2.07   
2.27,2.27,1.82,2.07   
2.27,2.28,1.82,2.09   
2.28,2.28,1.82,2.09   
2.28,2.28,1.82,2.09   
2.28,2.28,1.82,2.07   
2.28,2.28,1.82,2.11   
2.28,2.28,1.82,2.11   
2.28,2.28,1.82,2.11   
2.28,2.28,1.82,2.11   
2.28,2.29,1.82,2.13   
2.29,2.29,1.82,2.13   
2.29,2.29,1.82,2.13   
2.29,2.29,1.82,2.13   
2.29,2.29,1.82,2.15   
2.29,2.29,1.82,2.15   
2.29,2.29,1.82,2.15   
2.29,2.29,1.82,2.15   
2.29,2.29,1.82,2.15   
2.30,2.30,1.82,2.18   
2.30,2.30,1.82,2.15   
2.30,2.30,1.82,2.18   
2.30,2.30,1.82,2.15   
2.30,2.30,1.82,2.18   
2.30,2.30,1.82,2.20   
2.30,2.30,1.82,2.18   
2.30,2.30,1.82,2.18   
2.31,2.31,1.82,2.20   
2.31,2.31,1.82,2.20   
2.31,2.31,1.82,2.20   
2.31,2.31,1.82,2.20   
2.31,2.31,1.82,2.22   
2.31,2.31,1.82,2.22   
2.31,2.31,1.82,2.22   
2.31,2.31,1.82,2.22   
2.32,2.32,1.82,2.24   
2.32,2.32,1.82,2.24   
2.32,2.32,1.83,2.22   
2.32,2.32,1.82,2.24   
2.32,2.32,1.82,2.24   
2.32,2.32,1.82,2.27   
2.32,2.32,1.82,2.27   
2.32,2.32,1.82,2.27   
2.32,2.32,1.82,2.27   
2.33,2.33,1.82,2.29   
2.33,2.33,1.83,2.27   
2.33,2.33,1.82,2.29   
2.33,2.33,1.82,2.29   
2.33,2.33,1.82,2.29   
2.33,2.33,1.82,2.31   
2.33,2.33,1.83,2.29   
2.33,2.33,1.82,2.31   
2.34,2.34,1.82,2.33   
2.34,2.34,1.82,2.33   
2.34,2.34,1.83,2.31   
2.34,2.34,1.82,2.33   
2.34,2.34,1.82,2.35   
2.34,2.34,1.82,2.35   
2.34,2.34,1.82,2.35   
2.34,2.34,1.83,2.33   
2.35,2.34,1.83,2.33   
2.35,2.35,1.83,2.35   
2.35,2.35,1.82,2.38   
2.35,2.35,1.82,2.38   
2.35,2.35,1.83,2.35   
2.35,2.35,1.83,2.38   
2.35,2.35,1.83,2.38   
2.35,2.35,1.83,2.38   
2.36,2.35,1.83,2.38   
2.36,2.36,1.83,2.40   
2.36,2.36,1.83,2.40   
2.36,2.36,1.83,2.40   
2.36,2.36,1.83,2.42   
2.36,2.36,1.83,2.42   
2.36,2.36,1.83,2.42   
2.36,2.36,1.83,2.42   
2.37,2.37,1.83,2.44   
2.37,2.37,1.83,2.44   
2.37,2.37,1.83,2.44   
2.37,2.37,1.83,2.44   
2.37,2.37,1.83,2.47   
2.37,2.37,1.83,2.47   
2.37,2.37,1.83,2.47   
2.37,2.37,1.83,2.47   
2.37,2.38,1.83,2.49   
2.38,2.38,1.83,2.49   
2.38,2.38,1.83,2.49   
2.38,2.38,1.83,2.51   
2.38,2.38,1.83,2.51   
2.38,2.38,1.83,2.51   
2.38,2.38,1.83,2.51   
2.38,2.39,1.83,2.53   
2.38,2.39,1.83,2.51   
2.39,2.39,1.83,2.51   
2.39,2.39,1.83,2.53   
2.39,2.39,1.83,2.55   
2.39,2.39,1.83,2.55   
2.39,2.39,1.83,2.53   
2.39,2.39,1.83,2.55   
2.39,2.39,1.83,2.58   
2.39,2.39,1.83,2.55   
2.40,2.39,1.83,2.55   
2.40,2.39,1.83,2.55   
2.40,2.40,1.83,2.58   
2.40,2.40,1.83,2.58   
2.40,2.40,1.83,2.58   
2.40,2.40,1.83,2.60   
2.40,2.40,1.83,2.60   
2.40,2.40,1.83,2.60   
2.41,2.40,1.83,2.60   
2.41,2.41,1.83,2.62   
2.41,2.41,1.83,2.62   
2.41,2.41,1.83,2.62   
2.41,2.41,1.83,2.62   
2.41,2.41,1.83,2.64   
2.41,2.41,1.83,2.64   
2.41,2.41,1.83,2.64   
2.42,2.41,1.83,2.64   
2.42,2.42,1.83,2.67   
2.42,2.42,1.83,2.67   
2.42,2.42,1.83,2.67   
2.42,2.42,1.83,2.69   
2.42,2.42,1.83,2.69   
2.42,2.42,1.83,2.69   
2.42,2.42,1.83,2.69   
2.42,2.42,1.83,2.69   
2.43,2.43,1.83,2.71   
2.43,2.43,1.83,2.71   
2.43,2.43,1.83,2.71   
2.43,2.43,1.83,2.71   
2.43,2.43,1.83,2.73   
2.43,2.43,1.83,2.73   
2.43,2.43,1.84,2.71   
2.43,2.43,1.83,2.73   
2.44,2.44,1.83,2.75   
2.44,2.44,1.84,2.73   
2.44,2.44,1.83,2.75   
2.44,2.44,1.83,2.75   
2.44,2.44,1.83,2.78   
2.44,2.44,1.83,2.78   
2.44,2.44,1.83,2.78   
2.44,2.45,1.83,2.80   
2.45,2.45,1.84,2.78   
2.45,2.45,1.83,2.80   
2.45,2.45,1.84,2.78   
2.45,2.45,1.84,2.78   
2.45,2.45,1.84,2.80   
2.45,2.45,1.84,2.80   
2.45,2.45,1.84,2.80   
2.45,2.45,1.84,2.80   
2.46,2.46,1.84,2.82   
2.46,2.46,1.84,2.82   
2.46,2.46,1.84,2.82   
2.46,2.46,1.84,2.82   
2.46,2.46,1.84,2.84   
2.46,2.46,1.84,2.84   
2.46,2.46,1.84,2.84   
2.46,2.46,1.84,2.84   
2.47,2.47,1.84,2.87   
2.47,2.47,1.84,2.87   
2.47,2.47,1.84,2.87   
2.47,2.47,1.84,2.87   
2.47,2.47,1.84,2.87   
2.47,2.47,1.84,2.89   
2.47,2.47,1.84,2.89   
2.47,2.47,1.84,2.89   
2.47,2.48,1.84,2.91   
2.48,2.48,1.84,2.89   
2.48,2.48,1.84,2.91   
2.48,2.48,1.84,2.91   
2.48,2.48,1.84,2.91   
2.48,2.48,1.84,2.93   
2.48,2.48,1.84,2.91   
2.48,2.48,1.84,2.93   
2.48,2.48,1.84,2.93   
2.49,2.49,1.84,2.95   
2.49,2.49,1.84,2.95   
2.49,2.49,1.84,2.95   
2.49,2.49,1.84,2.93   
2.49,2.49,1.84,2.98   
2.49,2.49,1.84,2.98   
2.49,2.49,1.84,2.95   
2.49,2.49,1.84,2.98   
2.50,2.50,1.84,3.00   
2.50,2.50,1.84,2.98   
2.50,2.50,1.84,2.98   
2.50,2.50,1.84,2.98   
2.50,2.50,1.84,3.00   
2.50,2.50,1.84,3.00   
2.50,2.50,1.84,3.00   
2.50,2.50,1.84,3.00   
2.51,2.51,1.84,3.02   
2.51,2.51,1.84,3.02   
2.51,2.51,1.84,3.02   
2.51,2.51,1.84,3.04   
2.51,2.51,1.84,3.04   
2.51,2.51,1.84,3.04   
2.51,2.51,1.84,3.04   
2.51,2.52,1.84,3.07   
2.52,2.52,1.84,3.07   
2.52,2.52,1.84,3.07   
2.52,2.52,1.84,3.09   
2.52,2.52,1.84,3.09   
2.52,2.52,1.84,3.09   
2.52,2.52,1.84,3.09   
2.52,2.53,1.84,3.11   
2.52,2.53,1.84,3.11   
2.53,2.53,1.84,3.11   
2.53,2.53,1.84,3.11   
2.53,2.53,1.84,3.13   
2.53,2.53,1.84,3.13   
2.53,2.53,1.84,3.13   
2.53,2.53,1.85,3.11   
2.53,2.54,1.84,3.15   
2.53,2.54,1.84,3.15   
2.53,2.54,1.84,3.15   
2.54,2.54,1.84,3.18   
2.54,2.54,1.84,3.18   
2.54,2.54,1.85,3.15   
2.54,2.54,1.84,3.18   
2.54,2.55,1.84,3.20   
2.54,2.55,1.84,3.20   
2.54,2.55,1.84,3.20   
2.54,2.55,1.84,3.20   
2.55,2.55,1.85,3.20   
2.55,2.55,1.84,3.22   
2.55,2.55,1.84,3.22   
2.55,2.56,1.84,3.24   
2.55,2.56,1.84,3.24   
2.55,2.56,1.84,3.24   
2.55,2.56,1.84,3.24   
2.55,2.56,1.84,3.27   
2.56,2.56,1.84,3.27   
2.56,2.56,1.85,3.24   
2.56,2.57,1.85,3.27   
2.56,2.57,1.85,3.27   
2.56,2.57,1.85,3.27   
2.56,2.57,1.85,3.27   
2.56,2.57,1.84,3.31   
2.56,2.57,1.84,3.31   
2.57,2.57,1.85,3.29   
2.57,2.57,1.85,3.29   
2.57,2.58,1.85,3.31   
2.57,2.58,1.85,3.31   
2.57,2.58,1.85,3.31   
2.57,2.58,1.85,3.31   
2.57,2.58,1.85,3.33   
2.57,2.58,1.85,3.33   
2.58,2.58,1.85,3.33   
2.58,2.58,1.85,3.33   
2.58,2.59,1.85,3.35   
2.58,2.59,1.85,3.35   
2.58,2.59,1.85,3.35   
2.58,2.59,1.85,3.38   
2.58,2.59,1.85,3.38   
2.58,2.59,1.85,3.38   
2.58,2.59,1.85,3.38   
2.59,2.59,1.85,3.38   
2.59,2.60,1.85,3.40   
2.59,2.60,1.85,3.40   
2.59,2.60,1.85,3.40   
2.59,2.60,1.85,3.40   
2.59,2.60,1.85,3.42   
2.59,2.60,1.85,3.42   
2.59,2.60,1.85,3.42   
2.60,2.60,1.85,3.42   
2.60,2.60,1.85,3.40   
2.60,2.61,1.85,3.44   
2.60,2.61,1.85,3.44   
2.60,2.61,1.85,3.44   
2.60,2.61,1.85,3.47   
2.60,2.61,1.85,3.47   
2.60,2.61,1.85,3.47   
2.61,2.61,1.85,3.44   
2.61,2.61,1.85,3.44   
2.61,2.61,1.85,3.49   
2.61,2.61,1.85,3.49   
2.61,2.61,1.85,3.49   
2.61,2.61,1.85,3.49   
2.61,2.62,1.85,3.49   
2.61,2.62,1.85,3.51   
2.62,2.62,1.85,3.51   
2.62,2.62,1.85,3.51   
2.62,2.62,1.85,3.49   
2.62,2.62,1.85,3.51   
2.62,2.62,1.85,3.53   
2.62,2.62,1.85,3.53   
2.62,2.62,1.85,3.51   
2.62,2.63,1.85,3.53   
2.63,2.63,1.85,3.55   
2.63,2.63,1.85,3.53   
2.63,2.63,1.85,3.55   
2.63,2.63,1.85,3.58   
2.63,2.63,1.85,3.55   
2.63,2.63,1.85,3.58   
2.63,2.63,1.85,3.55   
2.63,2.63,1.85,3.55   
2.63,2.64,1.85,3.58   
2.64,2.64,1.85,3.58   
2.64,2.64,1.85,3.58   
2.64,2.64,1.85,3.58   
2.64,2.64,1.85,3.60   
2.64,2.64,1.85,3.60   
2.64,2.64,1.85,3.60   
2.64,2.64,1.85,3.60   
2.64,2.65,1.85,3.62   
2.65,2.65,1.85,3.62   
2.65,2.65,1.85,3.62   
2.65,2.65,1.85,3.62   
2.65,2.65,1.85,3.64   
2.65,2.65,1.85,3.64   
2.65,2.65,1.85,3.64   
2.65,2.65,1.86,3.62   
2.65,2.65,1.85,3.64   
2.66,2.66,1.85,3.67   
2.66,2.66,1.85,3.67   
2.66,2.66,1.86,3.64   
2.66,2.66,1.85,3.67   
2.66,2.66,1.85,3.69   
2.66,2.66,1.85,3.69   
2.66,2.66,1.85,3.69   
2.66,2.67,1.85,3.71   
2.67,2.67,1.85,3.71   
2.67,2.67,1.85,3.71   
2.67,2.67,1.85,3.71   
2.67,2.67,1.85,3.71   
2.67,2.67,1.85,3.73   
2.67,2.67,1.85,3.73   
2.67,2.67,1.85,3.73   
2.67,2.68,1.85,3.75   
2.68,2.68,1.85,3.75   
2.68,2.68,1.86,3.73   
2.68,2.68,1.85,3.75   
2.68,2.68,1.86,3.75   
2.68,2.68,1.85,3.78   
2.68,2.68,1.86,3.75   
2.68,2.68,1.85,3.78   
2.68,2.69,1.86,3.78   
2.68,2.69,1.85,3.80   
2.69,2.69,1.85,3.80   
2.69,2.69,1.86,3.78   
2.69,2.69,1.85,3.82   
2.69,2.69,1.86,3.80   
2.69,2.69,1.86,3.80   
2.69,2.69,1.86,3.80   
2.69,2.70,1.86,3.82   
2.69,2.70,1.86,3.82   
2.70,2.70,1.86,3.82   
2.70,2.70,1.86,3.84   
2.70,2.70,1.86,3.84   
2.70,2.70,1.86,3.84   
2.70,2.71,1.86,3.87   
2.70,2.71,1.86,3.87   
2.70,2.71,1.86,3.87   
2.70,2.71,1.86,3.87   
2.71,2.71,1.86,3.89   
2.71,2.71,1.86,3.89   
2.71,2.71,1.86,3.89   
2.71,2.71,1.86,3.89   
2.71,2.72,1.86,3.91   
2.71,2.72,1.86,3.91   
2.71,2.72,1.86,3.91   
2.71,2.72,1.86,3.91   
2.72,2.72,1.86,3.93   
2.72,2.72,1.86,3.93   
2.72,2.72,1.86,3.93   
2.72,2.73,1.86,3.95   
2.72,2.73,1.86,3.95   
2.72,2.73,1.86,3.95   
2.72,2.73,1.86,3.95   
2.72,2.73,1.86,3.98   
2.73,2.73,1.86,3.98   
2.73,2.73,1.86,3.98   
2.73,2.74,1.86,4.00   
2.73,2.74,1.86,4.00   
2.73,2.74,1.86,4.00   
2.73,2.74,1.86,4.00   
2.73,2.74,1.86,4.00   
2.73,2.74,1.86,4.02   
2.74,2.74,1.86,4.02   
2.74,2.74,1.86,4.02   
2.74,2.74,1.86,4.02   
2.74,2.75,1.86,4.04   
2.74,2.75,1.86,4.04   
2.74,2.75,1.86,4.04   
2.74,2.75,1.86,4.04   
2.74,2.75,1.86,4.07   
2.74,2.75,1.86,4.07   
2.75,2.75,1.86,4.07   
2.75,2.75,1.86,4.07   
2.75,2.76,1.86,4.07   
2.75,2.76,1.86,4.07   
2.75,2.76,1.86,4.07   
2.75,2.76,1.86,4.07   
2.75,2.76,1.86,4.11   
2.75,2.76,1.86,4.09   
2.76,2.76,1.86,4.09   
2.76,2.76,1.86,4.09   
2.76,2.76,1.86,4.09   
2.76,2.77,1.86,4.13   
2.76,2.77,1.86,4.11   
2.76,2.77,1.86,4.11   
2.76,2.77,1.86,4.11   
2.76,2.77,1.86,4.13   
2.77,2.77,1.86,4.13   
2.77,2.77,1.86,4.13   
2.77,2.77,1.86,4.13   
2.77,2.78,1.86,4.15   
2.77,2.78,1.86,4.15   
2.77,2.78,1.86,4.15   
2.77,2.78,1.86,4.15   
2.77,2.78,1.86,4.15   
2.78,2.78,1.86,4.18   
2.78,2.78,1.86,4.18   
2.78,2.78,1.86,4.18   
2.78,2.79,1.86,4.20   
2.78,2.79,1.86,4.20   
2.78,2.79,1.86,4.20   
2.78,2.79,1.87,4.18   
2.78,2.79,1.86,4.22   
2.79,2.79,1.87,4.20   
2.79,2.79,1.86,4.22   
2.79,2.79,1.86,4.22   
2.79,2.80,1.86,4.24   
2.79,2.80,1.86,4.24   
2.79,2.80,1.86,4.24   
2.79,2.80,1.86,4.24   
2.79,2.80,1.86,4.24   
2.79,2.80,1.86,4.27   
2.80,2.80,1.86,4.27   
2.80,2.80,1.86,4.27   
2.80,2.80,1.86,4.27   
2.80,2.81,1.86,4.29   
2.80,2.81,1.87,4.27   
2.80,2.81,1.87,4.27   
2.80,2.81,1.86,4.29   
2.80,2.81,1.86,4.31   
2.81,2.81,1.86,4.31   
2.81,2.81,1.87,4.29   
2.81,2.81,1.86,4.31   
2.81,2.82,1.86,4.33   
2.81,2.82,1.86,4.33   
2.81,2.82,1.86,4.33   
2.81,2.82,1.86,4.33   
2.81,2.82,1.86,4.33   
2.82,2.82,1.87,4.33   
2.82,2.82,1.87,4.33   
2.82,2.82,1.87,4.33   
2.82,2.83,1.86,4.38   
2.82,2.83,1.86,4.38   
2.82,2.83,1.87,4.35   
2.82,2.83,1.87,4.35   
2.82,2.83,1.87,4.38   
2.83,2.83,1.87,4.38   
2.83,2.83,1.86,4.40   
2.83,2.83,1.87,4.38   
2.83,2.83,1.86,4.42   
2.83,2.83,1.87,4.40   
2.83,2.83,1.86,4.42   
2.83,2.83,1.87,4.40   
2.83,2.84,1.87,4.42   
2.84,2.84,1.86,4.44   
2.84,2.84,1.87,4.42   
2.84,2.84,1.87,4.44   
2.84,2.84,1.87,4.44   
2.84,2.84,1.87,4.44   
2.84,2.84,1.87,4.44   
2.84,2.85,1.87,4.47   
2.84,2.85,1.87,4.47   
2.84,2.85,1.87,4.47   
2.85,2.85,1.87,4.47   
2.85,2.85,1.87,4.49   
2.85,2.85,1.87,4.49   
2.85,2.85,1.87,4.49   
2.85,2.85,1.87,4.49   
2.85,2.86,1.87,4.51   
2.85,2.86,1.87,4.51   
2.85,2.86,1.87,4.51   
2.86,2.86,1.87,4.53   
2.86,2.86,1.87,4.51   
2.86,2.86,1.87,4.53   
2.86,2.86,1.87,4.53   
2.86,2.87,1.87,4.55   
2.86,2.87,1.87,4.55   
2.86,2.87,1.87,4.55   
2.86,2.87,1.87,4.58   
2.87,2.87,1.87,4.58   
2.87,2.87,1.87,4.58   
2.87,2.87,1.87,4.58   
2.87,2.88,1.87,4.60   
2.87,2.88,1.87,4.60   
2.87,2.88,1.87,4.60   
2.87,2.88,1.87,4.60   
2.87,2.88,1.87,4.62   
2.88,2.88,1.87,4.62   
2.88,2.88,1.87,4.60   
2.88,2.88,1.87,4.60   
2.88,2.89,1.87,4.62   
2.88,2.89,1.87,4.64   
2.88,2.89,1.87,4.64   
2.88,2.89,1.87,4.64   
2.88,2.89,1.87,4.67   
2.89,2.89,1.87,4.67   
2.89,2.89,1.87,4.67   
2.89,2.90,1.87,4.67   
2.89,2.90,1.87,4.67   
2.89,2.90,1.87,4.69   
2.89,2.90,1.87,4.69   
2.89,2.90,1.87,4.71   
2.89,2.90,1.87,4.69   
2.89,2.90,1.87,4.71   
2.90,2.90,1.87,4.71   
2.90,2.91,1.87,4.71   
2.90,2.91,1.87,4.73   
2.90,2.91,1.87,4.71   
2.90,2.91,1.87,4.73   
2.90,2.91,1.87,4.75   
2.90,2.91,1.87,4.73   
2.90,2.91,1.87,4.75   
2.91,2.91,1.87,4.73   
2.91,2.91,1.87,4.73   
2.91,2.92,1.87,4.75   
2.91,2.92,1.87,4.75   
2.91,2.92,1.87,4.75   
2.91,2.92,1.87,4.75   
2.91,2.92,1.87,4.80   
2.91,2.92,1.87,4.78   
2.92,2.92,1.87,4.78   
2.92,2.92,1.87,4.78   
2.92,2.92,1.87,4.78   
2.92,2.93,1.87,4.80   
2.92,2.93,1.87,4.80   
2.92,2.93,1.87,4.80   
2.92,2.93,1.87,4.80   
2.92,2.93,1.87,4.82   
2.93,2.93,1.87,4.82   
2.93,2.93,1.87,4.82   
2.93,2.93,1.87,4.82   
2.93,2.94,1.87,4.84   
2.93,2.94,1.87,4.84   
2.93,2.94,1.87,4.84   
2.93,2.94,1.87,4.84   
2.93,2.94,1.87,4.87   
2.94,2.94,1.87,4.87   
2.94,2.94,1.87,4.87   
2.94,2.94,1.87,4.87   
2.94,2.95,1.87,4.89   
2.94,2.95,1.87,4.89   
2.94,2.95,1.88,4.87   
2.94,2.95,1.87,4.89   
2.94,2.95,1.87,4.91   
2.95,2.95,1.87,4.91   
2.95,2.95,1.87,4.91   
2.95,2.95,1.87,4.91   
2.95,2.95,1.87,4.91   
2.95,2.96,1.87,4.93   
2.95,2.96,1.87,4.93   
2.95,2.96,1.87,4.93   
2.95,2.96,1.87,4.93   
2.95,2.96,1.87,4.95   
2.96,2.96,1.87,4.95   
2.96,2.96,1.87,4.95   
2.96,2.96,1.87,4.95   
2.96,2.97,1.87,4.98   
2.96,2.97,1.87,4.98   
2.96,2.97,1.87,4.98   
2.96,2.97,1.87,4.98   
2.96,2.97,1.87,4.98   
2.97,2.97,1.87,5.00   
2.97,2.97,1.87,5.00   
2.97,2.97,1.87,5.00   
2.97,2.97,1.87,5.00   
2.97,2.98,1.87,5.02   
2.97,2.98,1.87,5.02   
2.97,2.98,1.87,5.02   
2.97,2.98,1.87,5.02   
2.98,2.98,1.87,5.04   
2.98,2.98,1.88,5.02   
2.98,2.98,1.87,5.04   
2.98,2.98,1.87,5.04   
2.98,2.99,1.87,5.07   
2.98,2.99,1.87,5.07   
2.98,2.99,1.87,5.07   
2.98,2.99,1.87,5.09   
2.99,2.99,1.88,5.07   
2.99,2.99,1.88,5.07   
2.99,2.99,1.88,5.07   
2.99,2.99,1.88,5.07   
2.99,3.00,1.88,5.09   
2.99,3.00,1.88,5.09   
2.99,3.00,1.88,5.09   
2.99,3.00,1.87,5.13   
3.00,3.00,1.88,5.11   
3.00,3.00,1.88,5.11   
3.00,3.00,1.88,5.11   
3.00,3.01,1.88,5.13   
3.00,3.01,1.88,5.13   
3.00,3.01,1.88,5.13   
3.00,3.01,1.87,5.18   
3.00,3.01,1.88,5.15   
3.00,3.01,1.88,5.15   
3.01,3.01,1.88,5.15   
3.01,3.02,1.88,5.18   
3.01,3.02,1.88,5.18   
3.01,3.02,1.88,5.18   
3.01,3.02,1.88,5.18   
3.01,3.02,1.88,5.20   
3.01,3.02,1.88,5.20   
3.01,3.02,1.88,5.20   
3.02,3.02,1.88,5.20   
3.02,3.03,1.88,5.22   
3.02,3.03,1.88,5.22   
3.02,3.03,1.88,5.22   
3.02,3.03,1.88,5.22   
3.02,3.03,1.88,5.24   
3.02,3.03,1.88,5.24   
3.02,3.03,1.88,5.24   
3.03,3.04,1.88,5.27   
3.03,3.04,1.88,5.27   
3.03,3.04,1.88,5.27   
3.03,3.04,1.88,5.27   
3.03,3.04,1.88,5.29   
3.03,3.04,1.88,5.29   
3.03,3.04,1.88,5.29   
3.03,3.04,1.88,5.29   
3.04,3.04,1.88,5.31   
3.04,3.04,1.88,5.31   
3.04,3.04,1.88,5.31   
3.04,3.05,1.88,5.33   
3.04,3.05,1.88,5.33   
3.04,3.05,1.88,5.33   
3.04,3.05,1.88,5.33   
3.04,3.05,1.88,5.33   
3.05,3.05,1.88,5.35   
3.05,3.05,1.88,5.35   
3.05,3.05,1.88,5.35   
3.05,3.06,1.88,5.38   
3.05,3.06,1.88,5.35   
3.05,3.06,1.88,5.38   
3.05,3.06,1.88,5.38   
3.05,3.06,1.88,5.38   
3.05,3.06,1.88,5.40   
3.06,3.06,1.88,5.40   
3.06,3.06,1.88,5.40   
3.06,3.07,1.88,5.42   
3.06,3.07,1.88,5.42   
3.06,3.07,1.88,5.42   
3.06,3.07,1.88,5.42   
3.06,3.07,1.88,5.44   
3.06,3.07,1.88,5.44   
3.07,3.07,1.88,5.44   
3.07,3.07,1.88,5.44   
3.07,3.07,1.88,5.42   
3.07,3.08,1.88,5.47   
3.07,3.08,1.88,5.44   
3.07,3.08,1.88,5.47   
3.07,3.08,1.88,5.47   
3.07,3.08,1.88,5.49   
3.08,3.08,1.88,5.47   
3.08,3.08,1.88,5.47   
3.08,3.09,1.88,5.51   
3.08,3.09,1.88,5.49   
3.08,3.09,1.88,5.49   
3.08,3.09,1.88,5.51   
3.08,3.09,1.88,5.53   
3.08,3.09,1.88,5.51   
3.09,3.09,1.88,5.51   
3.09,3.09,1.88,5.51   
3.09,3.09,1.88,5.53   
3.09,3.10,1.88,5.53   
3.09,3.10,1.88,5.53   
3.09,3.10,1.88,5.55   
3.09,3.10,1.88,5.53   
3.09,3.10,1.88,5.58   
3.10,3.10,1.88,5.55   
3.10,3.10,1.88,5.55   
3.10,3.10,1.88,5.55   
3.10,3.11,1.88,5.58   
3.10,3.11,1.88,5.58   
3.10,3.11,1.88,5.58   
3.10,3.11,1.88,5.58   
3.10,3.11,1.88,5.60   
3.11,3.11,1.88,5.60   
3.11,3.11,1.88,5.60   
3.11,3.11,1.88,5.60   
3.11,3.12,1.88,5.62   
3.11,3.12,1.89,5.60   
3.11,3.12,1.88,5.62   
3.11,3.12,1.88,5.62   
3.11,3.12,1.88,5.64   
3.11,3.12,1.88,5.64   
3.12,3.12,1.88,5.64   
3.12,3.12,1.88,5.64   
3.12,3.12,1.88,5.64   
3.12,3.13,1.88,5.67   
3.12,3.13,1.88,5.67   
3.12,3.13,1.88,5.67   
3.12,3.13,1.88,5.67   
3.12,3.13,1.88,5.69   
3.13,3.13,1.88,5.69   
3.13,3.13,1.88,5.69   
3.13,3.14,1.88,5.71   
3.13,3.14,1.88,5.71   
3.13,3.14,1.88,5.71   
3.13,3.14,1.88,5.71   
3.13,3.14,1.89,5.69   
3.13,3.14,1.88,5.73   
3.14,3.14,1.88,5.73   
3.14,3.14,1.88,5.73   
3.14,3.15,1.89,5.73   
3.14,3.15,1.88,5.75   
3.14,3.15,1.88,5.75   
3.14,3.15,1.88,5.75   
3.14,3.15,1.88,5.78   
3.14,3.15,1.88,5.78   
3.15,3.15,1.88,5.78   
3.15,3.16,1.88,5.80   
3.15,3.16,1.88,5.80   
3.15,3.16,1.88,5.80   
3.15,3.16,1.88,5.80   
3.15,3.16,1.89,5.78   
3.15,3.16,1.88,5.82   
3.15,3.16,1.89,5.80   
3.16,3.16,1.88,5.82   
3.16,3.17,1.89,5.82   
3.16,3.17,1.88,5.84   
3.16,3.17,1.89,5.82   
3.16,3.17,1.88,5.84   
3.16,3.17,1.89,5.84   
3.16,3.17,1.88,5.87   
3.16,3.17,1.89,5.84   
3.16,3.17,1.88,5.87   
3.17,3.18,1.88,5.89   
3.17,3.18,1.89,5.87   
3.17,3.18,1.89,5.87   
3.17,3.18,1.88,5.89   
3.17,3.18,1.89,5.89   
3.17,3.18,1.89,5.89   
3.17,3.18,1.89,5.89   
3.17,3.19,1.89,5.91   
3.18,3.19,1.89,5.91   
3.18,3.19,1.89,5.91   
3.18,3.19,1.89,5.91   
3.18,3.19,1.89,5.93   
3.18,3.19,1.89,5.93   
3.18,3.19,1.89,5.93   
3.18,3.19,1.89,5.93   
3.18,3.20,1.89,5.95   
3.19,3.20,1.89,5.95   
3.19,3.20,1.89,5.95   
3.19,3.20,1.89,5.95   
3.19,3.20,1.89,5.98   
3.19,3.20,1.89,5.98   
3.19,3.20,1.89,5.98   
3.19,3.20,1.89,5.98   
3.19,3.21,1.89,6.00   
3.20,3.21,1.89,6.00   
3.20,3.21,1.89,6.00   
3.20,3.21,1.89,6.02   
3.20,3.21,1.89,6.02   
3.20,3.21,1.89,6.02   
3.20,3.21,1.89,6.02   
3.20,3.22,1.89,6.02   
3.20,3.22,1.89,6.04   
3.21,3.22,1.89,6.04   
3.21,3.22,1.89,6.04   
3.21,3.22,1.89,6.02   
3.21,3.22,1.89,6.07   
3.21,3.22,1.89,6.07   
3.21,3.22,1.89,6.07   
3.21,3.22,1.89,6.07   
3.21,3.23,1.89,6.07   
3.21,3.23,1.89,6.09   
3.22,3.23,1.89,6.09   
3.22,3.23,1.89,6.09   
3.22,3.23,1.89,6.11   
3.22,3.23,1.89,6.11   
3.22,3.23,1.89,6.11   
3.22,3.23,1.89,6.11   
3.22,3.23,1.89,6.11   
3.22,3.24,1.89,6.13   
3.23,3.24,1.89,6.13   
3.23,3.24,1.89,6.13   
3.23,3.24,1.89,6.13   
3.23,3.24,1.89,6.15   
3.23,3.24,1.89,6.15   
3.23,3.24,1.89,6.15   
3.23,3.24,1.89,6.15   
3.23,3.25,1.89,6.18   
3.24,3.25,1.89,6.15   
3.24,3.25,1.89,6.18   
3.24,3.25,1.89,6.18   
3.24,3.25,1.89,6.20   
3.24,3.25,1.89,6.20   
3.24,3.25,1.89,6.18   
3.24,3.25,1.89,6.20   
3.24,3.26,1.89,6.20   
3.25,3.26,1.89,6.22   
3.25,3.26,1.89,6.22   
3.25,3.26,1.89,6.22   
3.25,3.26,1.89,6.22   
3.25,3.26,1.89,6.24   
3.25,3.26,1.89,6.22   
3.25,3.26,1.89,6.24   
3.25,3.26,1.89,6.22   
3.26,3.26,1.89,6.26   
3.26,3.26,1.89,6.26   
3.26,3.26,1.89,6.26   
3.26,3.26,1.89,6.24   
3.26,3.26,1.89,6.24   
3.26,3.27,1.89,6.26   
3.26,3.27,1.89,6.26   
3.26,3.27,1.89,6.26   
3.26,3.27,1.89,6.29   
3.27,3.27,1.89,6.31   
3.27,3.27,1.89,6.31   
3.27,3.27,1.89,6.29   
3.27,3.27,1.89,6.29   
3.27,3.27,1.89,6.29   
3.27,3.28,1.89,6.31   
3.27,3.28,1.89,6.31   
3.27,3.28,1.89,6.31   
3.28,3.28,1.89,6.31   
3.28,3.28,1.89,6.33   
3.28,3.28,1.89,6.33   
3.28,3.28,1.89,6.33   
3.28,3.28,1.89,6.33   
3.28,3.29,1.89,6.35   
3.28,3.29,1.89,6.35   
3.28,3.29,1.89,6.35   
3.29,3.29,1.89,6.35   
3.29,3.29,1.89,6.38   
3.29,3.29,1.89,6.38   
3.29,3.29,1.89,6.38   
3.29,3.29,1.89,6.38   
3.29,3.30,1.89,6.40   
3.29,3.30,1.89,6.40   
3.29,3.30,1.89,6.40   
3.30,3.30,1.89,6.40   
3.30,3.30,1.89,6.42   
3.30,3.30,1.89,6.42   
3.30,3.30,1.89,6.42   
3.30,3.31,1.89,6.44   
3.30,3.31,1.89,6.44   
3.30,3.31,1.89,6.44   
3.30,3.31,1.89,6.44   
3.31,3.31,1.89,6.46   
3.31,3.31,1.89,6.46   
3.31,3.31,1.89,6.46   
3.31,3.32,1.89,6.49   
3.31,3.32,1.89,6.49   
3.31,3.32,1.89,6.49   
3.31,3.32,1.89,6.49   
3.31,3.32,1.89,6.49   
3.32,3.32,1.89,6.51   
3.32,3.32,1.89,6.51   
3.32,3.32,1.89,6.51   
3.32,3.33,1.89,6.53   
3.32,3.33,1.89,6.53   
3.32,3.33,1.89,6.53   
3.32,3.33,1.89,6.53   
3.32,3.33,1.90,6.53   
3.32,3.33,1.89,6.55   
3.33,3.33,1.89,6.55   
3.33,3.33,1.89,6.55   
3.33,3.34,1.89,6.58   
3.33,3.34,1.90,6.55   
3.33,3.34,1.89,6.58   
3.33,3.34,1.89,6.60   
3.33,3.34,1.89,6.60   
3.33,3.34,1.90,6.58   
3.34,3.34,1.89,6.60   
3.34,3.35,1.89,6.62   
3.34,3.35,1.89,6.62   
3.34,3.35,1.89,6.62   
3.34,3.35,1.90,6.60   
3.34,3.35,1.89,6.64   
3.34,3.35,1.89,6.64   
3.34,3.35,1.90,6.62   
3.35,3.36,1.89,6.66   
3.35,3.36,1.90,6.64   
3.35,3.36,1.89,6.66   
3.35,3.36,1.89,6.66   
3.35,3.36,1.90,6.64   
3.35,3.36,1.89,6.69   
3.35,3.36,1.89,6.69   
3.35,3.36,1.90,6.66   
3.36,3.37,1.90,6.69   
3.36,3.37,1.89,6.71   
3.36,3.37,1.90,6.69   
3.36,3.37,1.90,6.69   
3.36,3.37,1.90,6.71   
3.36,3.37,1.90,6.71   
3.36,3.37,1.90,6.71   
3.36,3.38,1.90,6.73   
3.37,3.38,1.90,6.73   
3.37,3.38,1.90,6.73   
3.37,3.38,1.90,6.73   
3.37,3.38,1.90,6.73   
3.37,3.38,1.90,6.75   
3.37,3.38,1.90,6.75   
3.37,3.38,1.90,6.75   
3.37,3.38,1.90,6.75   
3.37,3.38,1.90,6.75   
3.38,3.39,1.90,6.78   
3.38,3.39,1.90,6.78   
3.38,3.39,1.90,6.78   
3.38,3.39,1.90,6.80   
3.38,3.39,1.90,6.80   
3.38,3.39,1.90,6.80   
3.38,3.39,1.90,6.80   
3.38,3.39,1.90,6.80   
3.39,3.40,1.90,6.82   
3.39,3.40,1.90,6.82   
3.39,3.40,1.90,6.82   
3.39,3.40,1.90,6.82   
3.39,3.40,1.90,6.84   
3.39,3.40,1.90,6.84   
3.39,3.40,1.90,6.84   
3.39,3.40,1.90,6.84   
3.40,3.41,1.90,6.86   
3.40,3.41,1.90,6.86   
3.40,3.41,1.90,6.86   
3.40,3.41,1.90,6.86   
3.40,3.41,1.90,6.86   
3.40,3.41,1.90,6.89   
3.40,3.41,1.90,6.89   
3.40,3.41,1.90,6.86   
3.41,3.41,1.90,6.89   
3.41,3.42,1.90,6.91   
3.41,3.42,1.90,6.91   
3.41,3.42,1.90,6.89   
3.41,3.42,1.90,6.91   
3.41,3.42,1.90,6.93   
3.41,3.42,1.90,6.93   
3.41,3.42,1.90,6.93   
3.42,3.42,1.90,6.93   
3.42,3.43,1.90,6.95   
3.42,3.43,1.90,6.95   
3.42,3.43,1.90,6.95   
3.42,3.43,1.90,6.95   
3.42,3.43,1.90,6.98   
3.42,3.43,1.90,6.98   
3.42,3.43,1.90,6.98   
3.42,3.43,1.90,6.98   
3.43,3.44,1.90,7.00   
3.43,3.44,1.90,6.98   
3.43,3.44,1.90,7.00   
3.43,3.44,1.90,7.00   
3.43,3.44,1.90,7.00   
3.43,3.44,1.90,7.00   
3.43,3.44,1.90,7.02   
3.43,3.44,1.90,7.00   
3.44,3.44,1.90,7.00   
3.44,3.45,1.90,7.04   
3.44,3.45,1.90,7.02   
3.44,3.45,1.90,7.04   
3.44,3.45,1.90,7.04   
3.44,3.45,1.90,7.06   
3.44,3.45,1.90,7.06   
3.44,3.45,1.90,7.04   
3.45,3.45,1.90,7.04   
3.45,3.46,1.90,7.09   
3.45,3.46,1.90,7.06   
3.45,3.46,1.90,7.09   
3.45,3.46,1.90,7.11   
3.45,3.46,1.90,7.11   
3.45,3.46,1.90,7.09   
3.45,3.46,1.90,7.11   
3.46,3.46,1.90,7.09   
3.46,3.47,1.90,7.11   
3.46,3.47,1.90,7.11   
3.46,3.47,1.90,7.13   
3.46,3.47,1.90,7.13   
3.46,3.47,1.90,7.13   
3.46,3.47,1.90,7.15   
3.46,3.48,1.90,7.15   
3.47,3.48,1.90,7.15   
3.47,3.48,1.90,7.18   
3.47,3.48,1.90,7.18   
3.47,3.48,1.90,7.18   
3.47,3.48,1.90,7.20   
3.47,3.48,1.90,7.20   
3.47,3.48,1.90,7.20   
3.47,3.48,1.90,7.20   
3.47,3.48,1.90,7.22   
3.48,3.48,1.90,7.20   
3.48,3.48,1.90,7.20   
3.48,3.49,1.90,7.22   
3.48,3.49,1.90,7.22   
3.48,3.49,1.90,7.22   
3.48,3.49,1.90,7.22   
3.48,3.49,1.90,7.24   
3.48,3.49,1.90,7.24   
3.49,3.49,1.90,7.24   
3.49,3.49,1.90,7.24   
3.49,3.50,1.90,7.26   
3.49,3.50,1.90,7.26   
3.49,3.50,1.90,7.26   
3.49,3.50,1.90,7.29   
3.49,3.50,1.90,7.29   
3.49,3.50,1.90,7.29   
3.50,3.50,1.90,7.29   
3.50,3.51,1.90,7.31   
3.50,3.51,1.90,7.31   
3.50,3.51,1.90,7.31   
3.50,3.51,1.90,7.31   
3.50,3.51,1.90,7.33   
3.50,3.51,1.90,7.33   
3.50,3.51,1.90,7.33   
3.51,3.51,1.90,7.33   
3.51,3.52,1.90,7.35   
3.51,3.52,1.90,7.35   
3.51,3.52,1.90,7.35   
3.51,3.52,1.90,7.38   
3.51,3.52,1.90,7.38   
3.51,3.52,1.90,7.38   
3.51,3.52,1.90,7.38   
3.52,3.53,1.90,7.40   
3.52,3.53,1.91,7.38   
3.52,3.53,1.90,7.40   
3.52,3.53,1.90,7.40   
3.52,3.53,1.90,7.42   
3.52,3.53,1.90,7.42   
3.52,3.53,1.91,7.40   
3.52,3.53,1.90,7.42   
3.53,3.54,1.90,7.44   
3.53,3.54,1.90,7.44   
3.53,3.54,1.90,7.44   
3.53,3.54,1.90,7.44   
3.53,3.54,1.91,7.42   
3.53,3.54,1.90,7.46   
3.53,3.54,1.90,7.46   
3.53,3.54,1.90,7.46   
3.53,3.54,1.90,7.46   
3.54,3.55,1.90,7.49   
3.54,3.55,1.91,7.46   
3.54,3.55,1.91,7.46   
3.54,3.55,1.91,7.46   
3.54,3.55,1.90,7.51   
3.54,3.55,1.90,7.51   
3.54,3.55,1.90,7.51   
3.54,3.55,1.90,7.51   
3.55,3.56,1.90,7.53   
3.55,3.56,1.90,7.53   
3.55,3.56,1.90,7.53   
3.55,3.56,1.90,7.53   
3.55,3.56,1.90,7.53   
3.55,3.56,1.91,7.53   
3.55,3.56,1.90,7.55   
3.55,3.56,1.90,7.55   
3.56,3.56,1.90,7.55   
3.56,3.57,1.90,7.58   
3.56,3.57,1.91,7.55   
3.56,3.57,1.90,7.58   
3.56,3.57,1.91,7.55   
3.56,3.57,1.91,7.55   
3.56,3.57,1.90,7.60   
3.56,3.57,1.90,7.60   
3.57,3.57,1.90,7.60   
3.57,3.57,1.91,7.58   
3.57,3.58,1.91,7.60   
3.57,3.58,1.91,7.60   
3.57,3.58,1.91,7.60   
3.57,3.58,1.90,7.62   
3.57,3.58,1.90,7.64   
3.57,3.58,1.90,7.64   
3.58,3.58,1.90,7.64   
3.58,3.58,1.91,7.62   
3.58,3.59,1.90,7.66   
3.58,3.59,1.91,7.64   
3.58,3.59,1.91,7.64   
3.58,3.59,1.91,7.64   
3.58,3.59,1.91,7.66   
3.58,3.59,1.91,7.66   
3.58,3.59,1.91,7.66   
3.59,3.59,1.91,7.66   
3.59,3.60,1.91,7.69   
3.59,3.60,1.91,7.69   
3.59,3.60,1.91,7.69   
3.59,3.60,1.91,7.69   
3.59,3.60,1.91,7.69   
3.59,3.60,1.91,7.71   
3.59,3.60,1.91,7.71   
3.60,3.60,1.91,7.71   
3.60,3.60,1.91,7.71   
3.60,3.61,1.91,7.73   
3.60,3.61,1.91,7.73   
3.60,3.61,1.91,7.73   
3.60,3.61,1.91,7.75   
3.60,3.61,1.91,7.75   
3.60,3.61,1.91,7.75   
3.61,3.61,1.91,7.75   
3.61,3.61,1.91,7.75   
3.61,3.62,1.91,7.78   
3.61,3.62,1.91,7.78   
3.61,3.62,1.91,7.78   
3.61,3.62,1.91,7.80   
3.61,3.62,1.91,7.80   
3.61,3.62,1.91,7.80   
3.62,3.62,1.91,7.80   
3.62,3.63,1.91,7.80   
3.62,3.63,1.91,7.82   
3.62,3.63,1.91,7.82   
3.62,3.63,1.91,7.82   
3.62,3.63,1.91,7.84   
3.62,3.63,1.91,7.84   
3.62,3.63,1.91,7.84   
3.63,3.63,1.91,7.84   
3.63,3.64,1.91,7.86   
3.63,3.64,1.91,7.86   
3.63,3.64,1.91,7.86   
3.63,3.64,1.91,7.86   
3.63,3.64,1.91,7.89   
3.63,3.64,1.91,7.89   
3.63,3.64,1.91,7.86   
3.63,3.65,1.91,7.91   
3.64,3.65,1.91,7.91   
3.64,3.65,1.91,7.91   
3.64,3.65,1.91,7.89   
3.64,3.65,1.91,7.93   
3.64,3.65,1.91,7.93   
3.64,3.65,1.91,7.93   
3.64,3.65,1.91,7.93   
3.64,3.66,1.91,7.95   
3.65,3.66,1.91,7.95   
3.65,3.66,1.91,7.95   
3.65,3.66,1.91,7.98   
3.65,3.66,1.91,7.95   
3.65,3.66,1.91,7.98   
3.65,3.66,1.91,7.98   
3.65,3.67,1.91,8.00   
3.65,3.67,1.91,8.00   
3.66,3.67,1.91,8.00   
3.66,3.67,1.91,8.00   
3.66,3.67,1.91,8.00   
3.66,3.67,1.91,8.02   
3.66,3.67,1.91,8.02   
3.66,3.67,1.91,8.02   
3.66,3.68,1.91,8.04   
3.66,3.68,1.91,8.04   
3.67,3.68,1.91,8.02   
3.67,3.68,1.91,8.04   
3.67,3.68,1.91,8.06   
3.67,3.68,1.91,8.06   
3.67,3.68,1.91,8.04   
3.67,3.68,1.91,8.04   
3.67,3.69,1.91,8.09   
3.67,3.69,1.91,8.06   
3.68,3.69,1.91,8.09   
3.68,3.69,1.91,8.09   
3.68,3.69,1.91,8.09   
3.68,3.69,1.91,8.09   
3.68,3.69,1.91,8.09   
3.68,3.70,1.91,8.11   
3.68,3.69,1.91,8.09   
3.68,3.70,1.91,8.11   
3.68,3.70,1.91,8.13   
3.69,3.70,1.91,8.11   
3.69,3.70,1.91,8.13   
3.69,3.70,1.91,8.13   
3.69,3.70,1.91,8.13   
3.69,3.70,1.91,8.13   
3.69,3.70,1.91,8.15   
3.69,3.70,1.91,8.15   
3.69,3.70,1.91,8.15   
3.70,3.70,1.91,8.15   
3.70,3.71,1.91,8.20   
3.70,3.71,1.91,8.18   
3.70,3.71,1.91,8.18   
3.70,3.71,1.91,8.20   
3.70,3.71,1.91,8.20   
3.70,3.71,1.91,8.20   
3.70,3.71,1.91,8.20   
3.71,3.71,1.91,8.20   
3.71,3.71,1.91,8.20   
3.71,3.72,1.91,8.22   
3.71,3.72,1.91,8.22   
3.71,3.72,1.91,8.22   
3.71,3.72,1.91,8.22   
3.71,3.72,1.91,8.24   
3.71,3.72,1.91,8.24   
3.72,3.72,1.91,8.24   
3.72,3.72,1.91,8.24   
3.72,3.73,1.91,8.26   
3.72,3.73,1.91,8.26   
3.72,3.73,1.91,8.26   
3.72,3.73,1.91,8.26   
3.72,3.73,1.91,8.26   
3.72,3.73,1.91,8.29   
3.73,3.73,1.91,8.29   
3.73,3.73,1.91,8.29   
3.73,3.74,1.91,8.31   
3.73,3.74,1.91,8.31   
3.73,3.74,1.91,8.31   
3.73,3.74,1.91,8.31   
3.73,3.74,1.91,8.33   
3.73,3.74,1.91,8.33   
3.74,3.74,1.91,8.33   
3.74,3.74,1.91,8.33   
3.74,3.74,1.91,8.33   
3.74,3.75,1.91,8.35   
3.74,3.75,1.91,8.35   
3.74,3.75,1.91,8.35   
3.74,3.75,1.91,8.35   
3.74,3.75,1.91,8.35   
3.74,3.75,1.91,8.38   
3.75,3.75,1.91,8.38   
3.75,3.75,1.91,8.38   
3.75,3.75,1.91,8.38   
3.75,3.76,1.91,8.40   
3.75,3.76,1.91,8.40   
3.75,3.76,1.91,8.40   
3.75,3.76,1.91,8.42   
3.75,3.76,1.91,8.42   
3.76,3.76,1.91,8.42   
3.76,3.76,1.92,8.40   
3.76,3.76,1.91,8.42   
3.76,3.77,1.91,8.44   
3.76,3.77,1.91,8.44   
3.76,3.77,1.91,8.44   
3.76,3.77,1.91,8.46   
3.76,3.77,1.91,8.46   
3.77,3.77,1.91,8.46   
3.77,3.77,1.91,8.46   
3.77,3.78,1.91,8.49   
3.77,3.78,1.91,8.49   
3.77,3.78,1.91,8.49   
3.77,3.78,1.92,8.49   
3.77,3.78,1.92,8.49   
3.77,3.78,1.92,8.49   
3.78,3.78,1.91,8.51   
3.78,3.78,1.92,8.49   
3.78,3.79,1.91,8.53   
3.78,3.79,1.91,8.53   
3.78,3.79,1.92,8.51   
3.78,3.79,1.91,8.55   
3.78,3.79,1.91,8.55   
3.78,3.79,1.92,8.53   
3.79,3.79,1.91,8.55   
3.79,3.80,1.91,8.58   
3.79,3.80,1.91,8.58   
3.79,3.80,1.91,8.58   
3.79,3.80,1.92,8.55   
3.79,3.80,1.92,8.58   
3.79,3.80,1.91,8.60   
3.79,3.80,1.91,8.60   
3.79,3.80,1.92,8.58   
3.80,3.81,1.91,8.62   
3.80,3.81,1.92,8.60   
3.80,3.81,1.92,8.60   
3.80,3.81,1.91,8.64   
3.80,3.81,1.91,8.64   
3.80,3.81,1.92,8.62   
3.80,3.82,1.92,8.64   
3.80,3.82,1.92,8.64   
3.81,3.82,1.92,8.64   
3.81,3.82,1.92,8.64   
3.81,3.82,1.92,8.66   
3.81,3.82,1.92,8.66   
3.81,3.82,1.92,8.66   
3.81,3.82,1.92,8.66   
3.81,3.83,1.92,8.69   
3.81,3.83,1.92,8.69   
3.82,3.83,1.92,8.69   
3.82,3.83,1.92,8.69   
3.82,3.83,1.92,8.71   
3.82,3.83,1.92,8.71   
3.82,3.83,1.92,8.71   
3.82,3.83,1.92,8.71   
3.82,3.84,1.92,8.73   
3.82,3.84,1.92,8.73   
3.83,3.84,1.92,8.73   
3.83,3.84,1.92,8.75   
3.83,3.84,1.92,8.75   
3.83,3.84,1.92,8.75   
3.83,3.84,1.92,8.75   
3.83,3.85,1.92,8.75   
3.83,3.85,1.92,8.78   
3.83,3.85,1.92,8.78   
3.84,3.85,1.92,8.78   
3.84,3.85,1.92,8.75   
3.84,3.85,1.92,8.80   
3.84,3.85,1.92,8.80   
3.84,3.85,1.92,8.80   
3.84,3.85,1.92,8.78   
3.84,3.86,1.92,8.82   
3.84,3.86,1.92,8.82   
3.84,3.86,1.92,8.82   
3.85,3.86,1.92,8.84   
3.85,3.86,1.92,8.84   
3.85,3.86,1.92,8.82   
3.85,3.86,1.92,8.82   
3.85,3.86,1.92,8.84   
3.85,3.87,1.92,8.84   
3.85,3.87,1.92,8.86   
3.85,3.87,1.92,8.86   
3.86,3.87,1.92,8.84   
3.86,3.87,1.92,8.84   
3.86,3.87,1.92,8.89   
3.86,3.87,1.92,8.89   
3.86,3.87,1.92,8.86   
3.86,3.87,1.92,8.86   
3.86,3.88,1.92,8.91   
3.86,3.88,1.92,8.91   
3.87,3.88,1.92,8.89   
3.87,3.88,1.92,8.93   
3.87,3.88,1.92,8.91   
3.87,3.88,1.92,8.91   
3.87,3.88,1.92,8.93   
3.87,3.88,1.92,8.93   
3.87,3.89,1.92,8.93   
3.87,3.89,1.92,8.95   
3.88,3.89,1.92,8.95   
3.88,3.89,1.92,8.93   
3.88,3.89,1.92,8.93   
3.88,3.89,1.92,8.95   
3.88,3.89,1.92,8.95   
3.88,3.89,1.92,8.95   
3.88,3.90,1.92,8.98   
3.88,3.90,1.92,8.98   
3.89,3.90,1.92,8.98   
3.89,3.90,1.92,8.98   
3.89,3.90,1.92,8.98   
3.89,3.90,1.92,9.00   
3.89,3.90,1.92,9.00   
3.89,3.90,1.92,9.00   
3.89,3.90,1.92,9.00   
3.89,3.91,1.92,9.02   
3.89,3.91,1.92,9.02   
3.90,3.91,1.92,9.02   
3.90,3.91,1.92,9.02   
3.90,3.91,1.92,9.04   
3.90,3.91,1.92,9.04   
3.90,3.91,1.92,9.04   
3.90,3.91,1.92,9.04   
3.90,3.91,1.92,9.04   
3.90,3.91,1.92,9.09   
3.91,3.91,1.92,9.06   
3.91,3.91,1.92,9.06   
3.91,3.91,1.92,9.06   
3.91,3.92,1.92,9.09   
3.91,3.92,1.92,9.09   
3.91,3.92,1.92,9.09   
3.91,3.92,1.92,9.11   
3.91,3.92,1.92,9.11   
3.92,3.92,1.92,9.11   
3.92,3.92,1.92,9.11   
3.92,3.93,1.92,9.15   
3.92,3.93,1.92,9.13   
3.92,3.93,1.92,9.13   
3.92,3.93,1.92,9.13   
3.92,3.93,1.92,9.18   
3.92,3.93,1.92,9.15   
3.93,3.93,1.92,9.15   
3.93,3.93,1.92,9.15   
3.93,3.94,1.92,9.18   
3.93,3.94,1.92,9.18   
3.93,3.94,1.92,9.18   
3.93,3.94,1.92,9.18   
3.93,3.94,1.92,9.20   
3.93,3.94,1.92,9.20   
3.94,3.94,1.92,9.20   
3.94,3.95,1.93,9.20   
3.94,3.95,1.92,9.22   
3.94,3.95,1.92,9.22   
3.94,3.95,1.92,9.22   
3.94,3.95,1.92,9.24   
3.94,3.95,1.92,9.24   
3.94,3.95,1.92,9.24   
3.95,3.95,1.92,9.24   
3.95,3.96,1.92,9.26   
3.95,3.96,1.92,9.26   
3.95,3.96,1.92,9.26   
3.95,3.96,1.92,9.26   
3.95,3.96,1.92,9.29   
3.95,3.96,1.93,9.26   
3.95,3.96,1.92,9.29   
3.95,3.97,1.92,9.31   
3.96,3.97,1.92,9.31   
3.96,3.97,1.92,9.31   
3.96,3.97,1.92,9.31   
3.96,3.97,1.92,9.33   
3.96,3.97,1.92,9.33   
3.96,3.97,1.93,9.31   
3.96,3.97,1.92,9.33   
3.96,3.98,1.92,9.35   
3.97,3.98,1.92,9.35   
3.97,3.98,1.92,9.35   
3.97,3.98,1.92,9.38   
3.97,3.98,1.92,9.38   
3.97,3.98,1.92,9.38   
3.97,3.98,1.93,9.35   
3.97,3.98,1.92,9.38   
3.97,3.99,1.92,9.40   
3.98,3.99,1.92,9.40   
3.98,3.99,1.92,9.40   
3.98,3.99,1.92,9.42   
3.98,3.99,1.92,9.42   
3.98,3.99,1.92,9.42   
3.98,3.99,1.92,9.42   
3.98,4.00,1.92,9.44   
3.98,4.00,1.93,9.42   
3.99,4.00,1.92,9.44   
3.99,4.00,1.93,9.44   
3.99,4.00,1.93,9.44   
3.99,4.00,1.92,9.46   
3.99,4.00,1.93,9.44   
3.99,4.01,1.92,9.49   
3.99,4.01,1.92,9.49   
3.99,4.01,1.93,9.46   
4.00,4.01,1.93,9.46   
4.00,4.01,1.92,9.49   
4.00,4.01,1.92,9.51   
4.00,4.01,1.92,9.51   
4.00,4.01,1.93,9.49   
4.00,4.01,1.93,9.49   
4.00,4.02,1.92,9.53   
4.00,4.02,1.93,9.51   
4.00,4.02,1.92,9.53   
4.01,4.02,1.92,9.53   
4.01,4.02,1.92,9.55   
4.01,4.02,1.92,9.55   
4.01,4.02,1.92,9.55   
4.01,4.02,1.93,9.53   
4.01,4.03,1.93,9.55   
4.01,4.03,1.93,9.55   
4.01,4.03,1.92,9.58   
4.02,4.03,1.93,9.55   
4.02,4.03,1.92,9.58   
4.02,4.03,1.93,9.58   
4.02,4.03,1.92,9.60   
4.02,4.03,1.93,9.58   
4.02,4.03,1.93,9.58   
4.02,4.04,1.93,9.60   
4.02,4.04,1.93,9.60   
4.03,4.04,1.93,9.60   
4.03,4.04,1.93,9.60   
4.03,4.04,1.93,9.62   
4.03,4.04,1.93,9.62   
4.03,4.04,1.93,9.62   
4.03,4.04,1.93,9.62   
4.03,4.04,1.93,9.62   
4.03,4.05,1.93,9.64   
4.04,4.05,1.93,9.64   
4.04,4.05,1.93,9.64   
4.04,4.05,1.93,9.66   
4.04,4.05,1.93,9.66   
4.04,4.05,1.93,9.66   
4.04,4.05,1.93,9.64   
4.04,4.05,1.93,9.66   
4.04,4.06,1.93,9.69   
4.05,4.06,1.93,9.69   
4.05,4.06,1.93,9.69   
4.05,4.06,1.93,9.69   
4.05,4.06,1.93,9.71   
4.05,4.06,1.93,9.71   
4.05,4.06,1.93,9.71   
4.05,4.06,1.93,9.71   
4.05,4.06,1.93,9.71   
4.05,4.07,1.93,9.73   
4.06,4.07,1.93,9.73   
4.06,4.07,1.93,9.73   
4.06,4.07,1.93,9.73   
4.06,4.07,1.93,9.75   
4.06,4.07,1.93,9.75   
4.06,4.07,1.93,9.75   
4.06,4.07,1.93,9.75   
4.06,4.08,1.93,9.78   
4.07,4.08,1.93,9.78   
4.07,4.08,1.93,9.78   
4.07,4.08,1.93,9.75   
4.07,4.08,1.93,9.80   
4.07,4.08,1.93,9.80   
4.07,4.08,1.93,9.80   
4.07,4.08,1.93,9.80   
4.07,4.09,1.93,9.82   
4.08,4.09,1.93,9.82   
4.08,4.09,1.93,9.82   
4.08,4.09,1.93,9.84   
4.08,4.09,1.93,9.84   
4.08,4.09,1.93,9.84   
4.08,4.09,1.93,9.84   
4.08,4.10,1.93,9.84   
4.08,4.10,1.93,9.86   
4.09,4.10,1.93,9.84   
4.09,4.10,1.93,9.86   
4.09,4.10,1.93,9.89   
4.09,4.10,1.93,9.89   
4.09,4.10,1.93,9.89   
4.09,4.10,1.93,9.89   
4.09,4.11,1.93,9.91   
4.09,4.11,1.93,9.91   
4.10,4.11,1.93,9.91   
4.10,4.11,1.93,9.93   
4.10,4.11,1.93,9.93   
4.10,4.11,1.93,9.93   
4.10,4.11,1.93,9.93   
4.10,4.12,1.93,9.95   
4.10,4.12,1.93,9.95   
4.10,4.12,1.93,9.95   
4.11,4.12,1.93,9.95   
4.11,4.12,1.93,9.95   
4.11,4.12,1.93,9.95   
4.11,4.12,1.93,9.98   
4.11,4.12,1.93,9.98   
4.11,4.13,1.93,10.00   
4.11,4.13,1.93,10.00   
4.11,4.13,1.93,10.00   
4.11,4.13,1.93,10.00   
4.12,4.13,1.93,10.00   
4.12,4.13,1.93,10.02   
4.12,4.13,1.93,10.02   
4.12,4.13,1.93,10.02   
4.12,4.13,1.93,10.02   
4.12,4.13,1.93,10.04   
4.12,4.13,1.93,10.04   
4.12,4.13,1.93,10.04   
4.13,4.14,1.93,10.06   
4.13,4.14,1.93,10.06   
4.13,4.14,1.93,10.06   
4.13,4.14,1.93,10.06   
4.13,4.14,1.93,10.09   
4.13,4.14,1.93,10.09   
4.13,4.14,1.93,10.09   
4.13,4.14,1.93,10.09   
4.14,4.14,1.93,10.09   
4.14,4.15,1.93,10.11   
4.14,4.15,1.93,10.11   
4.14,4.15,1.93,10.11   
4.14,4.15,1.93,10.11   
4.14,4.15,1.93,10.13   
4.14,4.15,1.93,10.13   
4.14,4.15,1.93,10.11   
4.15,4.16,1.93,10.15   
4.15,4.16,1.93,10.15   
4.15,4.16,1.93,10.15   
4.15,4.16,1.93,10.15   
4.15,4.16,1.93,10.18   
4.15,4.16,1.93,10.18   
4.15,4.16,1.93,10.18   
4.15,4.16,1.93,10.18   
4.16,4.16,1.93,10.15   
4.16,4.17,1.93,10.18   
4.16,4.17,1.93,10.18   
4.16,4.17,1.93,10.18   
4.16,4.17,1.93,10.20   
4.16,4.17,1.93,10.20   
4.16,4.17,1.93,10.20   
4.16,4.17,1.93,10.22   
4.16,4.17,1.93,10.20   
4.17,4.18,1.93,10.22   
4.17,4.18,1.93,10.22   
4.17,4.18,1.93,10.24   
4.17,4.18,1.93,10.22   
4.17,4.18,1.93,10.24   
4.17,4.18,1.93,10.26   
4.17,4.18,1.93,10.26   
4.17,4.18,1.93,10.24   
4.18,4.18,1.93,10.24   
4.18,4.19,1.93,10.26   
4.18,4.19,1.93,10.26   
4.18,4.19,1.93,10.26   
4.18,4.19,1.93,10.26   
4.18,4.19,1.93,10.26   
4.18,4.19,1.93,10.31   
4.18,4.19,1.93,10.31   
4.19,4.19,1.93,10.29   
4.19,4.19,1.93,10.29   
4.19,4.20,1.93,10.33   
4.19,4.20,1.93,10.31   
4.19,4.20,1.93,10.31   
4.19,4.20,1.93,10.33   
4.19,4.20,1.93,10.35   
4.19,4.20,1.93,10.33   
4.20,4.20,1.93,10.33   
4.20,4.20,1.93,10.33   
4.20,4.21,1.93,10.35   
4.20,4.21,1.93,10.35   
4.20,4.21,1.93,10.35   
4.20,4.21,1.93,10.35   
4.20,4.21,1.93,10.35   
4.20,4.21,1.93,10.38   
4.21,4.21,1.93,10.38   
4.21,4.21,1.93,10.38   
4.21,4.22,1.93,10.40   
4.21,4.22,1.93,10.40   
4.21,4.22,1.93,10.40   
4.21,4.22,1.93,10.40   
4.21,4.22,1.93,10.40   
4.21,4.22,1.93,10.42   
4.21,4.22,1.93,10.42   
4.22,4.22,1.93,10.42   
4.22,4.22,1.93,10.42   
4.22,4.22,1.93,10.42   
4.22,4.23,1.93,10.44   
4.22,4.23,1.93,10.44   
4.22,4.23,1.93,10.44   
4.22,4.23,1.93,10.44   
4.22,4.23,1.93,10.46   
4.23,4.23,1.94,10.44   
4.23,4.23,1.93,10.46   
4.23,4.23,1.94,10.44   
4.23,4.24,1.93,10.49   
4.23,4.24,1.93,10.49   
4.23,4.24,1.93,10.49   
4.23,4.24,1.93,10.51   
4.23,4.24,1.93,10.51   
4.24,4.24,1.94,10.49   
4.24,4.24,1.93,10.51   
4.24,4.25,1.93,10.53   
4.24,4.25,1.93,10.53   
4.24,4.25,1.93,10.53   
4.24,4.25,1.93,10.53   
4.24,4.25,1.93,10.55   
4.24,4.25,1.93,10.55   
4.25,4.25,1.93,10.55   
4.25,4.25,1.93,10.55   
4.25,4.26,1.93,10.57   
4.25,4.26,1.93,10.57   
4.25,4.26,1.93,10.57   
4.25,4.26,1.93,10.60   
4.25,4.26,1.93,10.60   
4.25,4.26,1.93,10.60   
4.26,4.27,1.93,10.62   
4.26,4.27,1.93,10.62   
4.26,4.27,1.94,10.60   
4.26,4.27,1.93,10.62   
4.26,4.27,1.94,10.60   
4.26,4.27,1.94,10.62   
4.26,4.27,1.93,10.64   
4.26,4.27,1.94,10.62   
4.26,4.28,1.94,10.64   
4.27,4.28,1.94,10.64   
4.27,4.28,1.93,10.66   
4.27,4.28,1.94,10.64   
4.27,4.28,1.94,10.66   
4.27,4.28,1.94,10.66   
4.27,4.28,1.94,10.66   
4.27,4.28,1.94,10.66   
4.27,4.29,1.94,10.69   
4.28,4.29,1.94,10.69   
4.28,4.29,1.94,10.69   
4.28,4.29,1.94,10.71   
4.28,4.29,1.94,10.71   
4.28,4.29,1.94,10.71   
4.28,4.29,1.94,10.71   
4.28,4.30,1.94,10.73   
4.28,4.30,1.94,10.73   
4.29,4.30,1.94,10.73   
4.29,4.30,1.94,10.73   
4.29,4.30,1.94,10.75   
4.29,4.30,1.94,10.75   
4.29,4.30,1.94,10.75   
4.29,4.30,1.94,10.75   
4.29,4.31,1.94,10.77   
4.29,4.31,1.94,10.77   
4.30,4.31,1.94,10.77   
4.30,4.31,1.94,10.77   
4.30,4.31,1.94,10.80   
4.30,4.31,1.94,10.80   
4.30,4.31,1.94,10.80   
4.30,4.31,1.94,10.80   
4.30,4.32,1.94,10.82   
4.30,4.32,1.94,10.82   
4.31,4.32,1.94,10.82   
4.31,4.32,1.94,10.82   
4.31,4.32,1.94,10.84   
4.31,4.32,1.93,10.86   
4.31,4.32,1.94,10.84   
4.31,4.32,1.94,10.84   
4.31,4.33,1.94,10.86   
4.31,4.33,1.94,10.86   
4.32,4.33,1.94,10.86   
4.32,4.33,1.94,10.86   
4.32,4.33,1.94,10.89   
4.32,4.33,1.94,10.89   
4.32,4.33,1.94,10.89   
4.32,4.33,1.94,10.89   
4.32,4.33,1.93,10.91   
4.32,4.34,1.94,10.91   
4.32,4.34,1.94,10.91   
4.33,4.34,1.93,10.93   
4.33,4.34,1.94,10.93   
4.33,4.34,1.94,10.93   
4.33,4.34,1.94,10.93   
4.33,4.34,1.94,10.93   
4.33,4.35,1.94,10.95   
4.33,4.35,1.94,10.95   
4.33,4.35,1.94,10.95   
4.34,4.35,1.94,10.95   
4.34,4.35,1.94,10.95   
4.34,4.35,1.94,10.95   
4.34,4.35,1.94,10.97   
4.34,4.35,1.94,10.97   
4.34,4.35,1.94,10.97   
4.34,4.35,1.94,11.00   
4.34,4.35,1.94,11.00   
4.35,4.35,1.94,11.00   
4.35,4.35,1.94,11.00   
4.35,4.36,1.94,11.02   
4.35,4.36,1.94,11.02   
4.35,4.36,1.94,11.02   
4.35,4.36,1.94,11.02   
4.35,4.36,1.93,11.06   
4.35,4.36,1.94,11.04   
4.36,4.36,1.94,11.04   
4.36,4.36,1.94,11.04   
4.36,4.37,1.94,11.06   
4.36,4.37,1.93,11.09   
4.36,4.37,1.94,11.06   
4.36,4.37,1.94,11.06   
4.36,4.37,1.93,11.09   
4.36,4.37,1.94,11.09   
4.37,4.37,1.94,11.09   
4.37,4.37,1.94,11.09   
4.37,4.38,1.94,11.11   
4.37,4.38,1.94,11.11   
4.37,4.38,1.94,11.11   
4.37,4.38,1.94,11.11   
4.37,4.38,1.94,11.11   
4.37,4.38,1.94,11.09   
4.37,4.38,1.94,11.11   
4.38,4.38,1.94,11.11   
4.38,4.38,1.94,11.13   
4.38,4.39,1.94,11.13   
4.38,4.39,1.94,11.15   
4.38,4.39,1.94,11.15   
4.38,4.39,1.94,11.13   
4.38,4.39,1.94,11.17   
4.38,4.39,1.94,11.17   
4.39,4.39,1.94,11.17   
4.39,4.39,1.94,11.17   
4.39,4.40,1.94,11.20   
4.39,4.40,1.94,11.20   
4.39,4.40,1.94,11.17   
4.39,4.40,1.94,11.20   
4.39,4.40,1.94,11.22   
4.39,4.40,1.94,11.20   
4.40,4.40,1.94,11.20   
4.40,4.40,1.94,11.22   
4.40,4.41,1.94,11.24   
4.40,4.41,1.94,11.24   
4.40,4.41,1.94,11.22   
4.40,4.41,1.94,11.26   
4.40,4.41,1.94,11.24   
4.40,4.41,1.94,11.26   
4.41,4.41,1.94,11.24   
4.41,4.42,1.94,11.26   
4.41,4.42,1.94,11.29   
4.41,4.42,1.94,11.26   
4.41,4.42,1.94,11.29   
4.41,4.42,1.94,11.29   
4.41,4.42,1.94,11.31   
4.41,4.42,1.94,11.29   
4.42,4.43,1.94,11.31   
4.42,4.43,1.94,11.33   
4.42,4.43,1.94,11.33   
4.42,4.43,1.94,11.31   
4.42,4.43,1.94,11.31   
4.42,4.43,1.94,11.35   
4.42,4.43,1.94,11.33   
4.42,4.43,1.94,11.35   
4.42,4.43,1.94,11.35   
4.43,4.44,1.94,11.37   
4.43,4.44,1.94,11.35   
4.43,4.44,1.94,11.37   
4.43,4.44,1.94,11.37   
4.43,4.44,1.94,11.37   
4.43,4.44,1.94,11.37   
4.43,4.44,1.94,11.37   
4.43,4.45,1.94,11.40   
4.44,4.45,1.94,11.40   
4.44,4.45,1.94,11.40   
4.44,4.45,1.94,11.40   
4.44,4.45,1.94,11.42   
4.44,4.45,1.94,11.42   
4.44,4.45,1.94,11.42   
4.44,4.46,1.94,11.44   
4.44,4.46,1.94,11.44   
4.45,4.46,1.94,11.44   
4.45,4.46,1.94,11.46   
4.45,4.46,1.94,11.46   
4.45,4.46,1.94,11.46   
4.45,4.46,1.94,11.46   
4.45,4.46,1.94,11.49   
4.45,4.47,1.94,11.51   
4.45,4.47,1.94,11.49   
4.46,4.47,1.94,11.49   
4.46,4.47,1.94,11.49   
4.46,4.47,1.94,11.51   
4.46,4.47,1.94,11.51   
4.46,4.47,1.94,11.51   
4.46,4.47,1.94,11.51   
4.46,4.48,1.94,11.53   
4.46,4.48,1.94,11.53   
4.47,4.48,1.94,11.53   
4.47,4.48,1.94,11.53   
4.47,4.48,1.94,11.55   
4.47,4.48,1.94,11.55   
4.47,4.48,1.94,11.55   
4.47,4.48,1.94,11.55   
4.47,4.48,1.94,11.55   
4.47,4.49,1.94,11.57   
4.47,4.49,1.94,11.57   
4.48,4.49,1.94,11.57   
4.48,4.49,1.94,11.57   
4.48,4.49,1.94,11.60   
4.48,4.49,1.94,11.60   
4.48,4.49,1.94,11.60   
4.48,4.49,1.94,11.60   
4.48,4.50,1.95,11.60   
4.48,4.50,1.94,11.62   
4.49,4.50,1.94,11.62   
4.49,4.50,1.94,11.62   
4.49,4.50,1.94,11.62   
4.49,4.50,1.94,11.64   
4.49,4.50,1.94,11.64   
4.49,4.50,1.94,11.64   
4.49,4.50,1.95,11.62   
4.49,4.51,1.94,11.66   
4.50,4.51,1.94,11.66   
4.50,4.51,1.94,11.66   
4.50,4.51,1.94,11.66   
4.50,4.51,1.94,11.69   
4.50,4.51,1.94,11.69   
4.50,4.51,1.94,11.69   
4.50,4.51,1.94,11.71   
4.50,4.52,1.94,11.71   
4.51,4.52,1.94,11.71   
4.51,4.52,1.94,11.71   
4.51,4.52,1.94,11.71   
4.51,4.52,1.94,11.71   
4.51,4.52,1.94,11.73   
4.51,4.52,1.94,11.73   
4.51,4.52,1.94,11.73   
4.51,4.52,1.94,11.73   
4.52,4.53,1.94,11.75   
4.52,4.53,1.95,11.73   
4.52,4.53,1.94,11.75   
4.52,4.53,1.94,11.75   
4.52,4.53,1.95,11.73   
4.52,4.53,1.95,11.75   
4.52,4.53,1.94,11.77   
4.52,4.53,1.94,11.77   
4.53,4.53,1.94,11.77   
4.53,4.54,1.94,11.80   
4.53,4.54,1.95,11.77   
4.53,4.54,1.94,11.80   
4.53,4.54,1.94,11.80   
4.53,4.54,1.94,11.82   
4.53,4.54,1.95,11.80   
4.53,4.54,1.94,11.82   
4.53,4.54,1.94,11.82   
4.54,4.54,1.94,11.82   
4.54,4.55,1.95,11.82   
4.54,4.55,1.94,11.84   
4.54,4.55,1.94,11.84   
4.54,4.55,1.94,11.86   
4.54,4.55,1.94,11.86   
4.54,4.55,1.95,11.84   
4.54,4.55,1.95,11.84   
4.55,4.56,1.94,11.89   
4.55,4.56,1.94,11.89   
4.55,4.56,1.94,11.89   
4.55,4.56,1.94,11.91   
4.55,4.56,1.94,11.91   
4.55,4.56,1.94,11.91   
4.55,4.56,1.94,11.91   
4.55,4.56,1.95,11.89   
4.56,4.57,1.94,11.93   
4.56,4.57,1.95,11.91   
4.56,4.57,1.94,11.93   
4.56,4.57,1.95,11.93   
4.56,4.57,1.95,11.93   
4.56,4.57,1.94,11.95   
4.56,4.57,1.94,11.97   
4.56,4.57,1.94,11.97   
4.57,4.57,1.94,11.97   
4.57,4.57,1.94,11.97   
4.57,4.57,1.94,11.97   
4.57,4.58,1.95,11.97   
4.57,4.58,1.95,11.97   
4.57,4.58,1.94,12.00   
4.57,4.58,1.95,12.00   
4.57,4.58,1.94,12.02   
4.58,4.58,1.94,12.02   
4.58,4.58,1.95,12.00   
4.58,4.58,1.94,12.02   
4.58,4.59,1.94,12.04   
4.58,4.59,1.95,12.02   
4.58,4.59,1.94,12.04   
4.58,4.59,1.95,12.04   
4.58,4.59,1.94,12.06   
4.58,4.59,1.94,12.06   
4.59,4.59,1.95,12.04   
4.59,4.60,1.94,12.09   
4.59,4.60,1.94,12.09   
4.59,4.60,1.94,12.09   
4.59,4.60,1.95,12.09   
4.59,4.60,1.94,12.11   
4.59,4.60,1.94,12.11   
4.59,4.60,1.94,12.11   
4.60,4.61,1.95,12.11   
4.60,4.61,1.95,12.11   
4.60,4.61,1.95,12.11   
4.60,4.61,1.95,12.11   
4.60,4.61,1.95,12.13   
4.60,4.61,1.95,12.13   
4.60,4.61,1.95,12.13   
4.60,4.61,1.95,12.13   
4.61,4.62,1.95,12.15   
4.61,4.62,1.95,12.15   
4.61,4.62,1.95,12.15   
4.61,4.62,1.94,12.20   
4.61,4.62,1.95,12.15   
4.61,4.62,1.95,12.17   
4.61,4.62,1.95,12.17   
4.61,4.62,1.95,12.17   
4.62,4.63,1.94,12.22   
4.62,4.63,1.95,12.20   
4.62,4.63,1.95,12.20   
4.62,4.63,1.95,12.20   
4.62,4.63,1.95,12.22   
4.62,4.63,1.95,12.22   
4.62,4.63,1.95,12.22   
4.62,4.63,1.95,12.22   
4.63,4.64,1.95,12.24   
4.63,4.64,1.95,12.24   
4.63,4.64,1.95,12.24   
4.63,4.64,1.95,12.24   
4.63,4.64,1.95,12.26   
4.63,4.64,1.95,12.26   
4.63,4.64,1.94,12.29   
4.63,4.64,1.95,12.26   
4.63,4.64,1.95,12.26   
4.64,4.65,1.95,12.29   
4.64,4.65,1.95,12.29   
4.64,4.65,1.95,12.29   
4.64,4.65,1.95,12.29   
4.64,4.65,1.95,12.31   
4.64,4.65,1.95,12.31   
4.64,4.65,1.95,12.31   
4.64,4.65,1.95,12.31   
4.65,4.65,1.95,12.31   
4.65,4.66,1.95,12.33   
4.65,4.66,1.95,12.33   
4.65,4.66,1.95,12.33   
4.65,4.66,1.95,12.35   
4.65,4.66,1.95,12.35   
4.65,4.66,1.95,12.35   
4.65,4.66,1.95,12.35   
4.66,4.66,1.95,12.35   
4.66,4.66,1.95,12.35   
4.66,4.67,1.95,12.37   
4.66,4.67,1.94,12.40   
4.66,4.67,1.95,12.37   
4.66,4.67,1.95,12.37   
4.66,4.67,1.95,12.40   
4.66,4.67,1.95,12.40   
4.67,4.67,1.95,12.40   
4.67,4.68,1.95,12.42   
4.67,4.68,1.95,12.42   
4.67,4.68,1.95,12.42   
4.67,4.68,1.95,12.42   
4.67,4.68,1.95,12.44   
4.67,4.68,1.95,12.42   
4.67,4.68,1.95,12.42   
4.68,4.68,1.95,12.42   
4.68,4.68,1.95,12.42   
4.68,4.69,1.95,12.44   
4.68,4.69,1.95,12.46   
4.68,4.69,1.95,12.46   
4.68,4.69,1.95,12.46   
4.68,4.69,1.95,12.49   
4.68,4.69,1.95,12.46   
4.68,4.69,1.95,12.46   
4.69,4.69,1.95,12.46   
4.69,4.69,1.95,12.46   
4.69,4.70,1.95,12.49   
4.69,4.70,1.95,12.51   
4.69,4.70,1.95,12.51   
4.69,4.70,1.95,12.49   
4.69,4.70,1.95,12.51   
4.69,4.70,1.95,12.53   
4.70,4.70,1.95,12.51   
4.70,4.70,1.95,12.53   
4.70,4.71,1.95,12.55   
4.70,4.71,1.95,12.55   
4.70,4.71,1.95,12.55   
4.70,4.71,1.95,12.55   
4.70,4.71,1.95,12.55   
4.70,4.71,1.95,12.57   
4.71,4.71,1.95,12.55   
4.71,4.72,1.95,12.60   
4.71,4.72,1.95,12.57   
4.71,4.72,1.95,12.57   
4.71,4.72,1.95,12.57   
4.71,4.72,1.95,12.60   
4.71,4.72,1.95,12.62   
4.71,4.72,1.95,12.60   
4.72,4.73,1.95,12.62   
4.72,4.73,1.95,12.62   
4.72,4.73,1.95,12.62   
4.72,4.73,1.95,12.62   
4.72,4.73,1.95,12.64   
4.72,4.73,1.95,12.64   
4.72,4.73,1.95,12.66   
4.72,4.73,1.95,12.64   
4.73,4.74,1.95,12.69   
4.73,4.74,1.95,12.69   
4.73,4.74,1.95,12.66   
4.73,4.74,1.95,12.69   
4.73,4.74,1.95,12.69   
4.73,4.74,1.95,12.69   
4.73,4.74,1.95,12.69   
4.73,4.75,1.95,12.71   
4.74,4.75,1.95,12.71   
4.74,4.75,1.95,12.71   
4.74,4.75,1.95,12.71   
4.74,4.75,1.95,12.73   
4.74,4.75,1.95,12.73   
4.74,4.75,1.95,12.73   
4.74,4.75,1.95,12.73   
4.74,4.76,1.95,12.75   
4.74,4.76,1.95,12.75   
4.75,4.76,1.95,12.75   
4.75,4.76,1.95,12.75   
4.75,4.76,1.95,12.77   
4.75,4.76,1.95,12.77   
4.75,4.76,1.95,12.77   
4.75,4.76,1.95,12.77   
4.75,4.77,1.95,12.80   
4.75,4.77,1.95,12.82   
4.76,4.77,1.95,12.80   
4.76,4.77,1.95,12.82   
4.76,4.77,1.95,12.82   
4.76,4.77,1.95,12.82   
4.76,4.77,1.95,12.82   
4.76,4.77,1.95,12.82   
4.76,4.78,1.95,12.84   
4.76,4.78,1.95,12.84   
4.77,4.78,1.95,12.84   
4.77,4.78,1.95,12.86   
4.77,4.78,1.95,12.86   
4.77,4.78,1.95,12.86   
4.77,4.78,1.95,12.86   
4.77,4.78,1.95,12.89   
4.77,4.78,1.95,12.89   
4.77,4.78,1.95,12.89   
4.78,4.78,1.95,12.89   
4.78,4.79,1.95,12.91   
4.78,4.79,1.95,12.93   
4.78,4.79,1.95,12.91   
4.78,4.79,1.95,12.91   
4.78,4.79,1.95,12.93   
4.78,4.79,1.95,12.93   
4.78,4.79,1.95,12.93   
4.79,4.79,1.95,12.93   
4.79,4.80,1.95,12.95   
4.79,4.80,1.95,12.95   
4.79,4.80,1.95,12.95   
4.79,4.80,1.95,12.95   
4.79,4.80,1.95,12.95   
4.79,4.80,1.95,12.97   
4.79,4.80,1.95,12.97   
4.79,4.80,1.95,13.00   
4.80,4.80,1.95,12.97   
4.80,4.81,1.95,13.00   
4.80,4.81,1.95,13.00   
4.80,4.81,1.95,13.00   
4.80,4.81,1.95,13.00   
4.80,4.81,1.95,13.00   
4.80,4.81,1.95,13.02   
4.80,4.81,1.95,13.02   
4.81,4.81,1.95,13.02   
4.81,4.82,1.95,13.04   
4.81,4.82,1.95,13.04   
4.81,4.82,1.95,13.04   
4.81,4.82,1.95,13.04   
4.81,4.82,1.95,13.04   
4.81,4.82,1.95,13.04   
4.81,4.82,1.95,13.06   
4.82,4.82,1.95,13.06   
4.82,4.82,1.95,13.06   
4.82,4.83,1.96,13.06   
4.82,4.83,1.95,13.09   
4.82,4.83,1.95,13.09   
4.82,4.83,1.95,13.09   
4.82,4.83,1.95,13.09   
4.82,4.83,1.95,13.11   
4.83,4.83,1.95,13.11   
4.83,4.83,1.95,13.11   
4.83,4.83,1.96,13.09   
4.83,4.84,1.96,13.11   
4.83,4.84,1.96,13.11   
4.83,4.84,1.95,13.13   
4.83,4.84,1.95,13.13   
4.83,4.84,1.95,13.15   
4.84,4.84,1.95,13.15   
4.84,4.84,1.96,13.13   
4.84,4.84,1.95,13.15   
4.84,4.85,1.95,13.17   
4.84,4.85,1.95,13.17   
4.84,4.85,1.95,13.17   
4.84,4.85,1.95,13.17   
4.84,4.85,1.95,13.17   
4.84,4.85,1.96,13.17   
4.85,4.85,1.95,13.20   
4.85,4.85,1.96,13.17   
4.85,4.85,1.96,13.17   
4.85,4.86,1.96,13.20   
4.85,4.86,1.96,13.20   
4.85,4.86,1.96,13.20   
4.85,4.86,1.95,13.22   
4.85,4.86,1.96,13.22   
4.86,4.86,1.96,13.22   
4.86,4.86,1.95,13.24   
4.86,4.87,1.96,13.24   
4.86,4.87,1.95,13.26   
4.86,4.87,1.95,13.26   
4.86,4.87,1.95,13.26   
4.86,4.87,1.95,13.29   
4.86,4.87,1.95,13.29   
4.87,4.87,1.95,13.29   
4.87,4.87,1.95,13.29   
4.87,4.88,1.95,13.31   
4.87,4.88,1.95,13.31   
4.87,4.88,1.95,13.31   
4.87,4.88,1.95,13.31   
4.87,4.88,1.96,13.31   
4.87,4.88,1.95,13.33   
4.88,4.88,1.96,13.31   
4.88,4.89,1.96,13.33   
4.88,4.89,1.96,13.33   
4.88,4.89,1.96,13.33   
4.88,4.89,1.96,13.33   
4.88,4.89,1.95,13.37   
4.88,4.89,1.96,13.35   
4.88,4.89,1.96,13.35   
4.89,4.89,1.96,13.35   
4.89,4.90,1.96,13.37   
4.89,4.90,1.96,13.37   
4.89,4.90,1.96,13.37   
4.89,4.90,1.95,13.42   
4.89,4.90,1.96,13.40   
4.89,4.90,1.96,13.40   
4.89,4.90,1.95,13.42   
4.89,4.91,1.96,13.42   
4.90,4.91,1.96,13.42   
4.90,4.91,1.95,13.44   
4.90,4.91,1.96,13.42   
4.90,4.91,1.96,13.44   
4.90,4.91,1.95,13.46   
4.90,4.91,1.96,13.44   
4.90,4.92,1.95,13.49   
4.90,4.92,1.96,13.46   
4.91,4.92,1.96,13.46   
4.91,4.92,1.95,13.49   
4.91,4.91,1.95,13.46   
4.91,4.92,1.95,13.49   
4.91,4.92,1.95,13.49   
4.91,4.92,1.96,13.46   
4.91,4.92,1.95,13.49   
4.91,4.92,1.96,13.46   
4.92,4.92,1.95,13.49   
4.92,4.92,1.96,13.46   
4.92,4.92,1.95,13.49   
4.92,4.92,1.95,13.49   
4.92,4.92,1.95,13.49   
4.92,4.92,1.95,13.49   
4.92,4.92,1.95,13.49   
4.92,4.92,1.96,13.46   
4.93,4.92,1.96,13.46   
4.93,4.92,1.95,13.49   
4.93,4.92,1.95,13.49   
4.93,4.92,1.96,13.46   
4.93,4.92,1.96,13.46   
4.93,4.92,1.95,13.49   
4.93,4.92,1.95,13.49   
4.93,4.92,1.95,13.49   
4.94,4.92,1.96,13.46   
4.94,4.92,1.95,13.49   
4.94,4.92,1.95,13.49   
4.94,4.92,1.96,13.46   
4.94,4.92,1.95,13.49   
4.94,4.91,1.96,13.44   
4.94,4.92,1.95,13.49   
4.94,4.92,1.95,13.49   
4.95,4.92,1.95,13.49   
4.95,4.92,1.95,13.49   
4.95,4.92,1.95,13.49   
4.95,4.92,1.96,13.46   
4.95,4.91,1.95,13.46   
4.95,4.92,1.96,13.46   
4.95,4.92,1.96,13.46   
4.95,4.92,1.96,13.46   
4.95,4.92,1.95,13.49   
4.96,4.92,1.95,13.49   
4.96,4.92,1.96,13.46   
4.96,4.92,1.96,13.46   
4.96,4.92,1.95,13.49   
4.96,4.92,1.95,13.49   
4.96,4.92,1.96,13.46   
4.96,4.92,1.96,13.46   
4.96,4.92,1.95,13.49   
4.97,4.92,1.95,13.49   
4.97,4.91,1.96,13.44   
4.97,4.92,1.95,13.49   
4.97,4.92,1.95,13.49   
4.97,4.92,1.95,13.49   
4.97,4.92,1.95,13.49   
4.97,4.92,1.95,13.49   
4.97,4.92,1.95,13.49   
4.98,4.92,1.96,13.46   
4.98,4.92,1.96,13.46   
4.98,4.92,1.96,13.46   
4.98,4.92,1.96,13.46   
4.98,4.92,1.96,13.46   
4.98,4.92,1.96,13.46   
4.98,4.91,1.96,13.44   
4.98,4.92,1.96,13.46   
4.99,4.92,1.95,13.49   
4.99,4.92,1.95,13.49   
4.99,4.92,1.95,13.49   
4.99,4.92,1.96,13.46   
4.99,4.92,1.96,13.46   
4.99,4.92,1.96,13.46   
4.99,4.92,1.95,13.49   
4.99,4.92,1.95,13.49   
5.00,4.92,1.96,13.46   
5.00,4.92,1.96,13.46   
5.00,4.92,1.96,13.46   
5.00,4.92,1.96,13.46   
5.00,4.92,1.95,13.49   
